record_id,policy_id,entry_type,correct_type,update_type,update_level,description,date_announced,date_start,date_end,country,ISO_A3,ISO_A2,init_country_level,domestic_policy,province,city,type,type_sub_cat,type_text,institution_status,target_country,target_geog_level,target_region,target_province,target_city,target_other,target_who_what,target_direction,travel_mechanism,compliance,enforcer,index_high_est,index_med_est,index_low_est,index_country_rank,link,date_updated,recorded_date
R_TtQSix76cnzouGZNA,7619852,new_entry,original,,,"On June 26, the upper house of the Tajikistan Parliament approved controversial changes to the Code of Administrative Offenses, which provide for a fine for knowingly false information about the coronavirus pandemic in the media and social networks.",2020-06-26,2020-06-26,,Tajikistan,TJK,TJ,National,1,,,Anti-Disinformation Measures,,,"",Tajikistan,,,,,,All Residents (Citizen Residents + Foreign Residents),,,Mandatory with Fines,National Government,,,,,https://rus.ozodi.org/a/30691969.html,2020-09-21,2020-09-21T04:18:41Z
R_10qowFBFmYT4N0zBq,4939866,new_entry,original,,,"As of April 29, examination sessions have begun early in many universities in Tajikistan, which should be ended by May 10",2020-04-29,2020-04-29,2020-05-10,Tajikistan,TJK,TJ,National,1,,,Closure and Regulation of Schools,Higher education institutions (i.e. degree granting institutions),,Higher education institutions closed/locked down,Tajikistan,,,,,,All Residents (Citizen Residents + Foreign Residents),,,Mandatory (Unspecified/Implied),National Government,54.8593879920916,50.824392059268,47.6940955694921,27,https://fergana.news/news/117621/,2020-12-08,2020-12-08T12:29:55Z
R_3R4QpInU1JA57hVDj,2500273,new_entry,original,,,"The Republican Committee for combating coronavirus announced on May 5 that schools will extend the holidays untill August 16, final exams for classes 9 and 11 will take place in June and for the other classes the evaluation will be based on performance during September 2019 - April 2020.",2020-05-05,2020-05-10,2020-08-16,Tajikistan,TJK,TJ,National,1,,,Closure and Regulation of Schools,Primary Schools (generally for children ages 10 and below),,Primary Schools closed/locked down,Tajikistan,,,,,,All Residents (Citizen Residents + Foreign Residents),,,Mandatory (Unspecified/Implied),"National Government,New (COVID-19 specific) Task Force",,,,,https://www.asiaplustj.info/ru/news/tajikistan/power/20200505/shkolnikam-tadzhikistana-prodlili-kanikuli-do-16-avgusta,2020-06-23,2020-06-23T18:11:04Z
R_3R4QpInU1JA57hVEi,2500273,new_entry,original,,,"The Republican Committee for combating coronavirus announced on May 5 that schools will extend the holidays untill August 16, final exams for classes 9 and 11 will take place in June and for the other classes the evaluation will be based on performance during September 2019 - April 2020.",2020-05-05,2020-05-10,2020-08-16,Tajikistan,TJK,TJ,National,1,,,Closure and Regulation of Schools,Secondary Schools (generally for children ages 10 to 18),,Secondary Schools closed/locked down,Tajikistan,,,,,,All Residents (Citizen Residents + Foreign Residents),,,Mandatory (Unspecified/Implied),"National Government,New (COVID-19 specific) Task Force",,,,,https://www.asiaplustj.info/ru/news/tajikistan/power/20200505/shkolnikam-tadzhikistana-prodlili-kanikuli-do-16-avgusta,2020-06-23,2020-06-23T18:11:04Z
R_Rwr0uM68LkSsuGdDj,6566059,new_entry,original,,,"As of June 11, a children's channel in Tajikistan began broadcasting distance lessons for schoolchildren, which last 15-20 minutes and include homework.
",2020-06-01,2020-06-01,,Tajikistan,TJK,TJ,National,1,,,Closure and Regulation of Schools,Primary Schools (generally for children ages 10 and below),,Primary Schools closed/locked down,Tajikistan,,,,,,All Residents (Citizen Residents + Foreign Residents),,,Mandatory (Unspecified/Implied),Ministry/Department of Education,,,,,https://asiaplustj.info/ru/news/tajikistan/society/20200611/distantsionnie-uroki-dlya-shkolnikov-nachali-translirovat-na-tv-bahoriston,2020-12-08,2020-12-08T16:23:40Z
R_Rwr0uM68LkSsuGdEi,6566059,new_entry,original,,,"As of June 11, a children's channel in Tajikistan began broadcasting distance lessons for schoolchildren, which last 15-20 minutes and include homework.
",2020-06-01,2020-06-01,,Tajikistan,TJK,TJ,National,1,,,Closure and Regulation of Schools,Secondary Schools (generally for children ages 10 to 18),,Secondary Schools closed/locked down,Tajikistan,,,,,,All Residents (Citizen Residents + Foreign Residents),,,Mandatory (Unspecified/Implied),Ministry/Department of Education,,,,,https://asiaplustj.info/ru/news/tajikistan/society/20200611/distantsionnie-uroki-dlya-shkolnikov-nachali-translirovat-na-tv-bahoriston,2020-12-08,2020-12-08T16:23:40Z
R_aUYxiSH1glkp2BrEi,7730710,new_entry,original,,,"On June 1,  the Republican Headquarters for Combating coronavirus announced that Graduates of the 9th and 11th grades of secondary schools in Tajikistan will receive certification documents without exams on the basis of quarter and annual grades.
",2020-06-01,2020-06-01,,Tajikistan,TJK,TJ,National,1,,,Closure and Regulation of Schools,Secondary Schools (generally for children ages 10 to 18),,Secondary Schools closed/locked down,Tajikistan,,,,,,All Residents (Citizen Residents + Foreign Residents),,,Mandatory (Unspecified/Implied),Other (Please specify in the text box),,,,,https://khovar.tj/rus/2020/06/respublikanskij-shtab-ekzamenov-ne-budet-attestatsionnye-otsenki-dlya-vypusknikov-obshheobrazovatelnyh-uchrezhdenij-respubliki-v-9-i-11-klassah-budet-vystavlyatsya-na-osnove-itogov-chetvertnyh-i-godov/,2020-12-08,2020-12-08T14:47:45Z
R_1pGz2osZft7ZXdqDj,3314034,new_entry,original,,,"In Tajikistan, the Ministry of Education and Science of the country announced on August 5 that classes in schools will be held in compliance with sanitary and epidemiological standards and social distance.",2020-08-06,2020-08-06,,Tajikistan,TJK,TJ,National,1,,,Closure and Regulation of Schools,Primary Schools (generally for children ages 10 and below),,Primary Schools allowed to open with conditions,Tajikistan,,,,,,All Residents (Citizen Residents + Foreign Residents),,,Mandatory (Unspecified/Implied),National Government,,,,,https://rus.ozodi.org/a/30769551.html,2020-09-21,2020-09-21T05:25:02Z
R_1pGz2osZft7ZXdqEi,3314034,new_entry,original,,,"In Tajikistan, the Ministry of Education and Science of the country announced on August 5 that classes in schools will be held in compliance with sanitary and epidemiological standards and social distance.",2020-08-06,2020-08-06,,Tajikistan,TJK,TJ,National,1,,,Closure and Regulation of Schools,Secondary Schools (generally for children ages 10 to 18),,Secondary Schools allowed to open with conditions,Tajikistan,,,,,,All Residents (Citizen Residents + Foreign Residents),,,Mandatory (Unspecified/Implied),National Government,,,,,https://rus.ozodi.org/a/30769551.html,2020-09-21,2020-09-21T05:25:02Z
R_1r60QdgsVJcjgOQBn,6277312,new_entry,original,,,"Tajikistan strengthens sanitary quarantine points in airports and at the border points of the country, both in the air and in the ground zones, and conducts health screenings for all passengers arriving from abroad starting from January 27",2020-01-27,2020-01-27,,Tajikistan,TJK,TJ,National,0,,,External Border Restrictions,Health Screenings (e.g. temperature checks),,"",All countries,All countries,,,,,All Travelers (Citizen Travelers + Foreign Travelers ),Inbound,"Flights,Land Border",Mandatory (Unspecified/Implied),"National Government,Ministry/Department of Health",48.9568990213561,47.5954196968811,45.3813349147608,123,https://tj.sputniknews.ru/health/20200127/1030608238/tajikistan-koronavirus-minzdrav-zashchitnye-mery.html ; http://moh.tj/%d0%bc%d1%83%d0%b1%d0%be%d1%80%d0%b8%d0%b7%d0%b0%d0%b8-%d0%b3%d0%bb%d0%be%d0%b1%d0%b0%d0%bb%d3%a3-%d0%b1%d0%be-%d0%ba%d0%be%d1%80%d0%be%d0%bd%d0%b0%d0%b2%d0%b8%d1%80%d1%83%d1%81%d0%b8-%d1%87%d0%b8/,2020-04-17,2020-04-17T05:53:01Z
R_2VPxvVIPniuuKWMNA,7949211,new_entry,original,,,Tajikistan Suspends All Flights To Iran Over Coronavirus as of February 24,2020-02-24,2020-02-24,,Tajikistan,TJK,TJ,National,0,,,External Border Restrictions,,,"",Iran,"One or more countries, but not all countries",,,,,All Travelers (Citizen Travelers + Foreign Travelers ),Inbound/Outbound,Flights,Mandatory (Unspecified/Implied),"National Government,Other (Please specify in the text box)",50.5422921501814,49.1517729673923,47.9052100242538,115,https://www.rferl.org/a/tajikistan-suspends-flights-to-iran-over-coronavirus/30451515.html,2020-04-17,2020-04-17T07:34:06Z
R_2xKoMR2xFm5obRWBn,7385384,new_entry,original,,,Tajikistan tightens border controls with Afghanistan and Uzbekistan starting February 25 for travelers from these countries,2020-02-25,2020-02-25,,Tajikistan,TJK,TJ,National,0,,,External Border Restrictions,Health Screenings (e.g. temperature checks),,"","Afghanistan,Uzbekistan","One or more countries, but not all countries",,,,,All Travelers (Citizen Travelers + Foreign Travelers ),Inbound,"Flights,Land Border",Mandatory (Unspecified/Implied),"National Government,Ministry/Department of Health",50.5356684530798,49.1798167626542,47.8629288214801,111,https://rus.ozodi.org/a/30453152.html,2020-04-17,2020-04-17T14:10:16Z
R_2zPk6gWb0Qjdz4tNA,2154691,new_entry,original,,,"Tajikistan blocks the entry of ""citizens from China, South Korea, Italy , Iran, Japan, Spain, Singapore, United States, Kuwait , Bahrain, Thailand, Switzerland, the United Kingdom , Malaysia, Australia, Canada, Iraq, United Arab Emirates , Austria, Vietnam, Sweden, Lebanon, Israel , Croatia, Belgium, Finland,  Oman, Algeria, India, the Philippines, Egypt, Afghanistan, Cambodia, Nepal and Sri Lanka,"" on March 2.",2020-03-02,2020-03-02,2020-03-04,Tajikistan,TJK,TJ,National,0,,,External Border Restrictions,,,"","Afghanistan,Algeria,Australia,Bahrain,Belgium,Cambodia,Canada,China,Croatia,Egypt,Finland,India,Iran,Iraq,Israel,Italy,Japan,Kuwait,Lebanon,Malaysia,Nepal,Oman,Philippines,Singapore,South Korea,Spain,Sri Lanka,Sweden,Switzerland,Thailand,United Arab Emirates,United Kingdom,United States,Vietnam","One or more countries, but not all countries",,,,,All Foreign Nationals (Foreign Residents + Foreign Travelers),Inbound,Flights,Mandatory (Unspecified/Implied),National Government,51.2259570115692,49.5684689152665,48.2942335226501,104,https://thediplomat.com/2020/03/tajikistan-blocks-entry-of-citizens-from-35-countries-over-coronavirus-fears/,2020-04-03,2020-04-03T09:12:31Z
R_2pKJGe8JX8ztSTONA,8759979,new_entry,original,,,"In Tajikistan on March 3, it was announced that ""the border would be shut only to citizens of China, Iran, South Korea, Afghanistan and Italy."" This comes after a previous ban to citizens of 35 nations which was subsequently annulled.",2020-03-03,2020-03-03,,Tajikistan,TJK,TJ,National,0,,,External Border Restrictions,,,"","Afghanistan,China,Iran,Italy,South Korea","One or more countries, but not all countries",,,,,All Foreign Nationals (Foreign Residents + Foreign Travelers),Inbound,All kinds of transport,Mandatory (Unspecified/Implied),National Government,51.1124255558836,49.6691426233758,48.5125531774521,107,https://advance.lexis.com/api/permalink/0df02ba2-5815-472b-a4eb-75a366c3539c/?context=1516831,2020-04-17,2020-04-17T07:20:07Z
R_2xzsedyjGx7deuKNA,2154691,update,original,,,Tajikistan annuls its previous policy to ban entry from 35 countries.,2020-03-04,2020-03-04,2020-03-04,Tajikistan,TJK,TJ,National,0,,,External Border Restrictions,,,"","Afghanistan,Algeria,Australia,Bahrain,Belgium,Cambodia,Canada,China,Croatia,Egypt,Finland,India,Iran,Iraq,Israel,Italy,Japan,Kuwait,Lebanon,Malaysia,Nepal,Oman,Philippines,Singapore,South Korea,Spain,Sri Lanka,Sweden,Switzerland,Thailand,United Arab Emirates,United Kingdom,United States,Vietnam","One or more countries, but not all countries",,,,,Foreign Travelers,Inbound,Flights,Mandatory (Unspecified/Implied),National Government,51.0461048576363,49.7376851494359,48.5434239648613,111,https://www.businesstraveller.com/business-travel/2020/03/03/coronavirus-tajikistan-closes-border-to-35-countries/,2020-04-03,2020-04-03T11:53:30Z
R_1eUzj1nPX6lGxBINA,6580264,new_entry,original,,,"On March 6, ""the Ministry of Foreign Affairs of Tajikistan recommended Tajik citizens to refrain from travel to South Korea, Iran, Italy and Afghanistan,""  and China.",2020-03-06,2020-03-06,,Tajikistan,TJK,TJ,National,0,,,External Border Restrictions,,,"","Afghanistan,China,Iran,Italy,South Korea","One or more countries, but not all countries",,,,,All Citizens (Citizen Residents + Citizen Travelers),Outbound,All kinds of transport,Voluntary/Recommended but No Penalties,Other (Please specify in the text box),50.9516613403021,49.8307495481824,48.4124081017513,100,https://advance.lexis.com/api/permalink/957552ef-b859-4b17-b0d6-90207b313cbd/?context=1516831,2020-04-17,2020-04-17T07:28:26Z
R_33B8Fk2Ailt4K6ENA,4452941,new_entry,original,,,"On March 17, Japan was added to the list of nationals that may not enter Tajikistan.",2020-03-17,2020-03-17,,Tajikistan,TJK,TJ,National,0,,,External Border Restrictions,,,"",Japan,"One or more countries, but not all countries",,,,,All Foreign Nationals (Foreign Residents + Foreign Travelers),Inbound,All kinds of transport,Mandatory (Unspecified/Implied),Ministry/Department of Health,51.7269007250335,50.0753473649561,48.3536626874415,54,https://advance.lexis.com/api/permalink/e881acc1-7cb7-4a7b-aa4b-75048c3d0b58/?context=1516831,2020-04-17,2020-04-17T09:10:24Z
R_qEm7L3TEPB1dJ85NA,9563087,new_entry,original,,,"Starting March 18, ""the Ministry of Foreign Affairs of Tajikistan recommends that citizens of the country refrain from traveling to Russia.""",2020-03-18,2020-03-18,,Tajikistan,TJK,TJ,National,0,,,External Border Restrictions,,,"",Russia,"One or more countries, but not all countries",,,,,All Citizens (Citizen Residents + Citizen Travelers),Outbound,All kinds of transport,Voluntary/Recommended but No Penalties,Other (Please specify in the text box),51.5468031024756,50.1204463302403,48.8346451893627,48,https://advance.lexis.com/api/permalink/3f825803-4e22-4bd1-8185-2f7a3d5c20ac/?context=1516831,2020-04-17,2020-04-17T07:51:35Z
R_1mkClKGtPUfXpL8NA,3634607,new_entry,original,,,"""In Tajikistan, the government suspended all international flights as of March 20.""",2020-03-20,2020-03-20,,Tajikistan,TJK,TJ,National,0,,,External Border Restrictions,,,"",All countries,All countries,,,,,All (Travelers + Residents),Inbound/Outbound,Flights,Mandatory (Unspecified/Implied),National Government,51.4120430760378,50.2148046690219,48.9758422532182,46,https://advance.lexis.com/api/permalink/5ddf96a9-f662-4263-95ad-4ff27935e214/?context=1516831,2020-04-17,2020-04-17T08:09:15Z
R_3CV3duMgQCWONtBNA,6805120,new_entry,original,,,"""The border between Tajikistan and Kyrgyzstan will close on March 24,"" with exceptions for ""Tajik citizens returning to their home country, foreigners departing from Tajikistan, diplomats and their families, members of government delegations, or truckers.""",2020-03-24,2020-03-24,,Tajikistan,TJK,TJ,National,0,,,External Border Restrictions,,,"",Kyrgyzstan,"One or more countries, but not all countries",,,,,Foreign Travelers,Inbound/Outbound,All kinds of transport,Mandatory with Exceptions (Please list exceptions in the text entry),National Government,51.9606982832942,50.3634603716417,48.9302746121678,39,NA,2020-04-04,2020-04-04T06:55:24Z
R_1HekqdscI66I0nHNA,9438905,new_entry,original,,,"On April 10 Tajikistan closed its borders with China and Afghanistan with some exceptions (diplomatic corps, representatives of international organizations and financial institutions and their family members, as well as drivers engaged in international cargo transportation (according to the interim order), crews of aircraft and international railway traffic)",2020-04-10,2020-04-10,,Tajikistan,TJK,TJ,National,0,,,External Border Restrictions,,,"","Afghanistan,China","One or more countries, but not all countries",,,,,All Travelers (Citizen Travelers + Foreign Travelers ),Inbound/Outbound,"All kinds of transport,Flights,Land Border",Mandatory with Exceptions (Please list exceptions in the text entry),National Government,54.0426603122357,50.8979270851569,48.9247311170804,31,https://ria.ru/20200410/1569857311.html,2020-04-17,2020-04-17T18:28:50Z
R_12QsfKmZ5ErvGttCp,336184,new_entry,original,,,"In connection with the increase in the number of people infected with coronavirus in Tajikistan, the control at the Kyrgyzstan-Tajikistan border has been strengthened and as of May 6, all persons entering the country are placed under observation.",2020-05-07,2020-05-07,,Tajikistan,TJK,TJ,National,0,,,External Border Restrictions,Other External Border Restriction,,"",Tajikistan,One or more countries and one or more regional groupings,,,,,All (Travelers + Residents),Inbound,Not Applicable,"Mandatory with Legal Penalties (Jail Time),Mandatory (Unspecified/Implied)","National Government,Ministry/Department of Health,Police,New (COVID-19 specific) Task Force",,,,,https://www.asiaplustj.info/ru/news/tajikistan/security/20200507/tadzhikistan-i-kirgizstan-usilivayut-kontrol-v-pogranichnih-raionah-iz-za-rosta-chisla-bolnih-covid-19,2020-06-23,2020-06-23T18:20:46Z
R_1gGshSfgn3LrDlOCp,7612531,new_entry,original,,,"At may 27, only seven border crossing points located along Tajikistan’s border are open for cargo transportation.",2020-05-27,2020-05-27,,Tajikistan,TJK,TJ,National,0,,,External Border Restrictions,Other External Border Restriction,,"",Tajikistan,All countries,,,,,Other,Inbound/Outbound,All kinds of transport,Mandatory (Unspecified/Implied),"National Government,Ministry/Department of Foreign Affairs,New (COVID-19 specific) Task Force,Other (Please specify in the text box)",,,,,"At may 27, only seven border crossing points located along Tajikistan’s border are open for cargo transportation.",2020-06-24,2020-06-24T14:35:05Z
R_3OdWDR0xGSL6PmzAc,4886886,new_entry,original,,,"As of October 8, in Tajikistan, primary health care network staff will be required to conduct daily home visits in localities in order to find patients with COVID-19 and timely diagnosis and treatment.",2020-10-08,2020-10-08,,Tajikistan,TJK,TJ,National,1,,,Health Monitoring,A person’s absolute (e.g. GPS) location over time,,"",Tajikistan,,,,,,All Residents (Citizen Residents + Foreign Residents),,,Mandatory (Unspecified/Implied),"National Government,Ministry/Department of Health",,,,,http://moh.tj/?p=23394&lang=ru,2020-12-07,2020-12-07T18:11:00Z
R_2SDfv4bZmmxhnm1Ez,9156817,new_entry,original,,,"In a meeting on March 4 in Tajikistan, it was ""ordered to establish the coronavirus-prevention staffs at all ministries and agencies of the country. """,2020-03-04,2020-03-04,,Tajikistan,TJK,TJ,National,1,,,Health Resources,Unspecified Health Staff,,"",Tajikistan,"One or more countries, but not all countries",,,,,All Residents (Citizen Residents + Foreign Residents),,Not Applicable,Mandatory (Unspecified/Implied),National Government,51.0461048576363,49.7376851494359,48.5434239648613,111,https://advance.lexis.com/api/permalink/37169c5d-17b3-4c23-898d-5ad02a8c0f19/?context=1516831,2020-04-17,2020-04-17T09:06:41Z
R_yOOC0zdx1k9KHqpCe,5005213,new_entry,original,,,"On April 2, in Tajikistan it was announced that ""the Tajik Industry Ministry has converted 20 domestic enterprises to manufacture facemasks and personal protective equipment due to the threat of the spread of Covid-19.""",2020-04-02,2020-04-02,,Tajikistan,TJK,TJ,National,1,,,Health Resources,Masks,,"",Tajikistan,"One or more countries, but not all countries",,,,,All Residents (Citizen Residents + Foreign Residents),,Not Applicable,Mandatory (Unspecified/Implied),Other (Please specify in the text box),51.9546192069259,50.9362623173956,49.7564424998973,34,https://advance.lexis.com/api/permalink/72390a22-768e-49e6-88be-25709f02b2d6/?context=1516831,2020-04-17,2020-04-17T08:20:45Z
R_yOOC0zdx1k9KHqpDd,5005213,new_entry,original,,,"On April 2, in Tajikistan it was announced that ""the Tajik Industry Ministry has converted 20 domestic enterprises to manufacture facemasks and personal protective equipment due to the threat of the spread of Covid-19.""",2020-04-02,2020-04-02,,Tajikistan,TJK,TJ,National,1,,,Health Resources,Personal Protective Equipment,,"",Tajikistan,"One or more countries, but not all countries",,,,,All Residents (Citizen Residents + Foreign Residents),,Not Applicable,Mandatory (Unspecified/Implied),Other (Please specify in the text box),51.9546192069259,50.9362623173956,49.7564424998973,34,https://advance.lexis.com/api/permalink/72390a22-768e-49e6-88be-25709f02b2d6/?context=1516831,2020-04-17,2020-04-17T08:20:45Z
R_OeuedJNl3yQqMOBCr,1603630,new_entry,original,,,"On April 20, the Interior Ministry of Tajikistan has established a special quarantine department responsible to carry out various types of cleaning, including disinfection and deratization.",2020-04-22,2020-04-22,,Tajikistan,TJK,TJ,National,1,,,Health Resources,Other Health Infrastructure,,"",Tajikistan,,,,,,All Residents (Citizen Residents + Foreign Residents),,,Voluntary/Recommended but No Penalties,Other (Please specify in the text box),53.7691707827391,50.9205160180015,48.0464660368949,29,https://asiaplustj.info/en/news/tajikistan/power/20200422/special-quarantine-department-established-at-tajikistans-interior-ministry,2020-06-06,2020-06-06T22:53:52Z
R_D7D7IcUk11xbMk1Fe,8020167,new_entry,original,,,"On April 29, Tajikistan purchases 27 ventilators from Germany’s Löwenstein Medical Technology and they will be delivered to the country once a transport route is found.",2020-04-29,2020-04-29,,Tajikistan,TJK,TJ,National,0,,,Health Resources,Ventilators,,"","Germany,Tajikistan",One or more countries and one or more regional groupings,"Europe,Asia",,,,Health-Related Supplies,,Not Applicable,Mandatory (Unspecified/Implied),National Government,54.8593879920916,50.824392059268,47.6940955694921,27,https://asiaplustj.info/en/news/tajikistan/society/20200429/tajikistan-purchases-27-ventilators-in-germany,2020-06-22,2020-06-22T00:15:10Z
R_2OMCPL1zfEqKIuWEz,1212673,new_entry,original,,,"On first may, President Emomli Rahmon has transferred his monthly wage to the account opened for combating the new coronavirus.  Besides, President’s Reserve Fund has allocated 12.4 million somoni to make additional payments to medical workers involved in combating COVID-19.",2020-05-01,2020-05-01,,Tajikistan,TJK,TJ,National,1,,,Health Resources,Unspecified Health Staff,,"",Tajikistan,,,,,,All Residents (Citizen Residents + Foreign Residents),,,Mandatory (Unspecified/Implied),"National Government,Ministry/Department of Health",,,,,https://asiaplustj.info/en/news/tajikistan/power/20200501/president-transfers-his-monthly-wage-to-account-opened-for-combating-covid-19,2020-06-23,2020-06-23T17:28:47Z
R_brsO1NIqH7RRSNPCe,5205634,new_entry,original,,,"On May 4, the authorities of the Sughd region of Tajikistan have allocated 3 million somoni to support doctors. A third of the amount will go directly to cash bonuses for medical workers, the remaining 2 million somoni - for the purchase of special clothing. 
",2020-05-04,2020-05-04,,Tajikistan,TJK,TJ,Provincial,1,Sughd,,Health Resources,Masks,,"",Tajikistan,,,Sughd,,,All Residents (Citizen Residents + Foreign Residents),,,Mandatory (Unspecified/Implied),Provincial/State Government,,,,,https://fergana.news/news/117737/,2020-12-08,2020-12-08T13:52:35Z
R_brsO1NIqH7RRSNPDd,5205634,new_entry,original,,,"On May 4, the authorities of the Sughd region of Tajikistan have allocated 3 million somoni to support doctors. A third of the amount will go directly to cash bonuses for medical workers, the remaining 2 million somoni - for the purchase of special clothing. 
",2020-05-04,2020-05-04,,Tajikistan,TJK,TJ,Provincial,1,Sughd,,Health Resources,Personal Protective Equipment,,"",Tajikistan,,,Sughd,,,All Residents (Citizen Residents + Foreign Residents),,,Mandatory (Unspecified/Implied),Provincial/State Government,,,,,https://fergana.news/news/117737/,2020-12-08,2020-12-08T13:52:35Z
R_brsO1NIqH7RRSNPAx,5205634,new_entry,original,,,"On May 4, the authorities of the Sughd region of Tajikistan have allocated 3 million somoni to support doctors. A third of the amount will go directly to cash bonuses for medical workers, the remaining 2 million somoni - for the purchase of special clothing. 
",2020-05-04,2020-05-04,,Tajikistan,TJK,TJ,Provincial,1,Sughd,,Health Resources,Doctors,,"",Tajikistan,,,Sughd,,,All Residents (Citizen Residents + Foreign Residents),,,Mandatory (Unspecified/Implied),Provincial/State Government,,,,,https://fergana.news/news/117737/,2020-12-08,2020-12-08T13:52:35Z
R_brsO1NIqH7RRSNPCl,5205634,new_entry,original,,,"On May 4, the authorities of the Sughd region of Tajikistan have allocated 3 million somoni to support doctors. A third of the amount will go directly to cash bonuses for medical workers, the remaining 2 million somoni - for the purchase of special clothing. 
",2020-05-04,2020-05-04,,Tajikistan,TJK,TJ,Provincial,1,Sughd,,Health Resources,Nurses,,"",Tajikistan,,,Sughd,,,All Residents (Citizen Residents + Foreign Residents),,,Mandatory (Unspecified/Implied),Provincial/State Government,,,,,https://fergana.news/news/117737/,2020-12-08,2020-12-08T13:52:35Z
R_2E3NGnuVrKUaCCqBr,9433027,new_entry,original,,,"On May 4, Dushanbe authorities announced that temporary hospitals with a total of 3,000 beds for COVID-19-infected patients will be established in the city.",2020-05-04,2020-05-04,,Tajikistan,TJK,TJ,Municipal,1,Dushanbe,Dushanbe,Health Resources,Hospitals,,"",Tajikistan,,,Dushanbe,Dushanbe,,All Residents (Citizen Residents + Foreign Residents),,,Mandatory (Unspecified/Implied),"Ministry/Department of Health,Municipal Government,New (COVID-19 specific) Task Force",,,,,https://asiaplustj.info/en/news/tajikistan/power/20200504/temporary-hospitals-with-total-of-3000-beds-will-be-established-in-dushanbe,2020-06-23,2020-06-23T17:49:22Z
R_2E3NGnuVrKUaCCqEp,9433027,new_entry,original,,,"On May 4, Dushanbe authorities announced that temporary hospitals with a total of 3,000 beds for COVID-19-infected patients will be established in the city.",2020-05-04,2020-05-04,,Tajikistan,TJK,TJ,Municipal,1,Dushanbe,Dushanbe,Health Resources,Temporary Medical Centers,,"",Tajikistan,,,Dushanbe,Dushanbe,,All Residents (Citizen Residents + Foreign Residents),,,Mandatory (Unspecified/Implied),"Ministry/Department of Health,Municipal Government,New (COVID-19 specific) Task Force",,,,,https://asiaplustj.info/en/news/tajikistan/power/20200504/temporary-hospitals-with-total-of-3000-beds-will-be-established-in-dushanbe,2020-06-23,2020-06-23T17:49:22Z
R_1DGyoJ3RgWVqtJ2Ep,6522980,new_entry,original,,,"On May 5, Dushanbe mayor orders to give two half-finished apartment buildings for hospitals that will be able to receive 800 COVID-19-infected patients.",2020-05-05,2020-05-05,,Tajikistan,TJK,TJ,Municipal,1,Dushanbe,Dushanbe,Health Resources,Temporary Medical Centers,,"",Tajikistan,,,Dushanbe,Dushanbe,,All Residents (Citizen Residents + Foreign Residents),,,Mandatory (Unspecified/Implied),"Provincial/State Government,Municipal Government,New (COVID-19 specific) Task Force",,,,,https://asiaplustj.info/en/news/tajikistan/power/20200505/dushanbe-mayor-orders-to-give-half-finished-apartment-buildings-for-hospitals,2020-06-23,2020-06-23T17:39:49Z
R_2rpH5o8aPQFJjvTCe,7580884,new_entry,original,,,"On May 5, the leadership of the Ministry of Industry and New Technologies of Tajikistan donated 5,000 medical masks, 250 disposable medical overalls, 400 kg of bleach and 500 liters of industrial alcohol to the Ministry of Health. 

",2020-05-05,2020-05-05,,Tajikistan,TJK,TJ,National,1,,,Health Resources,Masks,,"",Tajikistan,,,,,,All Residents (Citizen Residents + Foreign Residents),,,Voluntary/Recommended but No Penalties,Other (Please specify in the text box),,,,,https://asiaplustj.info/ru/news/tajikistan/society/20200505/rukovoditeli-gosstruktur-tadzhikistana-prodolzhayut-sledovat-initsiative-lidera-natsii,2020-12-08,2020-12-08T14:02:57Z
R_2rpH5o8aPQFJjvTDd,7580884,new_entry,original,,,"On May 5, the leadership of the Ministry of Industry and New Technologies of Tajikistan donated 5,000 medical masks, 250 disposable medical overalls, 400 kg of bleach and 500 liters of industrial alcohol to the Ministry of Health. 

",2020-05-05,2020-05-05,,Tajikistan,TJK,TJ,National,1,,,Health Resources,Personal Protective Equipment,,"",Tajikistan,,,,,,All Residents (Citizen Residents + Foreign Residents),,,Voluntary/Recommended but No Penalties,Other (Please specify in the text box),,,,,https://asiaplustj.info/ru/news/tajikistan/society/20200505/rukovoditeli-gosstruktur-tadzhikistana-prodolzhayut-sledovat-initsiative-lidera-natsii,2020-12-08,2020-12-08T14:02:57Z
R_2rpH5o8aPQFJjvTBj,7580884,new_entry,original,,,"On May 5, the leadership of the Ministry of Industry and New Technologies of Tajikistan donated 5,000 medical masks, 250 disposable medical overalls, 400 kg of bleach and 500 liters of industrial alcohol to the Ministry of Health. 

",2020-05-05,2020-05-05,,Tajikistan,TJK,TJ,National,1,,,Health Resources,Hand Sanitizer,,"",Tajikistan,,,,,,All Residents (Citizen Residents + Foreign Residents),,,Voluntary/Recommended but No Penalties,Other (Please specify in the text box),,,,,https://asiaplustj.info/ru/news/tajikistan/society/20200505/rukovoditeli-gosstruktur-tadzhikistana-prodolzhayut-sledovat-initsiative-lidera-natsii,2020-12-08,2020-12-08T14:02:57Z
R_2rpH5o8aPQFJjvTCf,7580884,new_entry,original,,,"On May 5, the leadership of the Ministry of Industry and New Technologies of Tajikistan donated 5,000 medical masks, 250 disposable medical overalls, 400 kg of bleach and 500 liters of industrial alcohol to the Ministry of Health. 

",2020-05-05,2020-05-05,,Tajikistan,TJK,TJ,National,1,,,Health Resources,Medicine/Drugs,,"",Tajikistan,,,,,,All Residents (Citizen Residents + Foreign Residents),,,Voluntary/Recommended but No Penalties,Other (Please specify in the text box),,,,,https://asiaplustj.info/ru/news/tajikistan/society/20200505/rukovoditeli-gosstruktur-tadzhikistana-prodolzhayut-sledovat-initsiative-lidera-natsii,2020-12-08,2020-12-08T14:02:57Z
R_2rpH5o8aPQFJjvTCs,7580884,new_entry,original,,,"On May 5, the leadership of the Ministry of Industry and New Technologies of Tajikistan donated 5,000 medical masks, 250 disposable medical overalls, 400 kg of bleach and 500 liters of industrial alcohol to the Ministry of Health. 

",2020-05-05,2020-05-05,,Tajikistan,TJK,TJ,National,1,,,Health Resources,Other Health Materials,,"",Tajikistan,,,,,,All Residents (Citizen Residents + Foreign Residents),,,Voluntary/Recommended but No Penalties,Other (Please specify in the text box),,,,,https://asiaplustj.info/ru/news/tajikistan/society/20200505/rukovoditeli-gosstruktur-tadzhikistana-prodolzhayut-sledovat-initsiative-lidera-natsii,2020-12-08,2020-12-08T14:02:57Z
R_R49ohIVKiSFm1fHCr,1721970,new_entry,original,,,"An Intellectual Medical Center has been established at MoHSP, where healthcare specialists from the regions can receive urgent on-line consultations on COVID-19 diagnosis and treatment from senior specialists of the Ministry, including resuscitators, pulmonologists, epidemiologists, and radiologists.",2020-05-16,2020-05-16,,Tajikistan,TJK,TJ,National,1,,,Health Resources,Other Health Infrastructure,,"",Tajikistan,,,,,,All Residents (Citizen Residents + Foreign Residents),,,Voluntary/Recommended but No Penalties,"Ministry/Department of Health,New (COVID-19 specific) Task Force,Other (Please specify in the text box)",,,,,https://tj.sputniknews.ru/health/20200516/1031249383/Tajikistan-Minzdrav-pomosch-onlayn-intellektualnyy-tsentr.html,2020-06-24,2020-06-24T14:25:15Z
R_3Li2JCwCmh66zbXCe,2740302,new_entry,original,,,"On 16 May, the humanitarian aid organized by UNICEF Tajikistan and funded by the European Union in the form of 13 tonnes of vital medical supplies arrived in Dushanbe.",2020-05-19,2020-05-19,2020-05-19,Tajikistan,TJK,TJ,National,1,,,Health Resources,Masks,,"",Tajikistan,,,,,,All Residents (Citizen Residents + Foreign Residents),,,Voluntary/Recommended but No Penalties,"National Government,Municipal Government,New (COVID-19 specific) Task Force,Other (Please specify in the text box)",,,,,https://www.asiaplustj.info/ru/news/tajikistan/society/20200519/36-tis-kombinezonov-40-tis-masok-i-720-termometrov-es-i-yunisef-otpravili-v-dushanbe-pervuyu-partiyu-pomotshi,2020-06-24,2020-06-24T11:55:24Z
R_3Li2JCwCmh66zbXDd,2740302,new_entry,original,,,"On 16 May, the humanitarian aid organized by UNICEF Tajikistan and funded by the European Union in the form of 13 tonnes of vital medical supplies arrived in Dushanbe.",2020-05-19,2020-05-19,2020-05-19,Tajikistan,TJK,TJ,National,1,,,Health Resources,Personal Protective Equipment,,"",Tajikistan,,,,,,All Residents (Citizen Residents + Foreign Residents),,,Voluntary/Recommended but No Penalties,"National Government,Municipal Government,New (COVID-19 specific) Task Force,Other (Please specify in the text box)",,,,,https://www.asiaplustj.info/ru/news/tajikistan/society/20200519/36-tis-kombinezonov-40-tis-masok-i-720-termometrov-es-i-yunisef-otpravili-v-dushanbe-pervuyu-partiyu-pomotshi,2020-06-24,2020-06-24T11:55:24Z
R_3Li2JCwCmh66zbXCs,2740302,new_entry,original,,,"On 16 May, the humanitarian aid organized by UNICEF Tajikistan and funded by the European Union in the form of 13 tonnes of vital medical supplies arrived in Dushanbe.",2020-05-19,2020-05-19,2020-05-19,Tajikistan,TJK,TJ,National,1,,,Health Resources,Other Health Materials,,"",Tajikistan,,,,,,All Residents (Citizen Residents + Foreign Residents),,,Voluntary/Recommended but No Penalties,"National Government,Municipal Government,New (COVID-19 specific) Task Force,Other (Please specify in the text box)",,,,,https://www.asiaplustj.info/ru/news/tajikistan/society/20200519/36-tis-kombinezonov-40-tis-masok-i-720-termometrov-es-i-yunisef-otpravili-v-dushanbe-pervuyu-partiyu-pomotshi,2020-06-24,2020-06-24T11:55:24Z
R_3rZ1CbTgdMoGhRkBr,5399664,new_entry,original,,,"On May 20, the President of Tajikistan and the Mayor of Dushanbe opened four temporary hospitals with more than two thousand beds. They were created on the basis of the Republican Medical College, the Border Troops Training Center, the Olympic Reserve Training Center and the new dormitory of the Tajik National University. 
",2020-05-20,2020-05-20,,Tajikistan,TJK,TJ,National,1,,,Health Resources,Hospitals,,"",Tajikistan,,,,,,All Residents (Citizen Residents + Foreign Residents),,,Mandatory (Unspecified/Implied),Ministry/Department of Health,,,,,https://fergana.media/news/118307/?country=tj,2020-12-08,2020-12-08T14:12:54Z
R_3rZ1CbTgdMoGhRkEq,5399664,new_entry,original,,,"On May 20, the President of Tajikistan and the Mayor of Dushanbe opened four temporary hospitals with more than two thousand beds. They were created on the basis of the Republican Medical College, the Border Troops Training Center, the Olympic Reserve Training Center and the new dormitory of the Tajik National University. 
",2020-05-20,2020-05-20,,Tajikistan,TJK,TJ,National,1,,,Health Resources,Temporary Quarantine Centers,,"",Tajikistan,,,,,,All Residents (Citizen Residents + Foreign Residents),,,Mandatory (Unspecified/Implied),Ministry/Department of Health,,,,,https://fergana.media/news/118307/?country=tj,2020-12-08,2020-12-08T14:12:54Z
R_3rZ1CbTgdMoGhRkEp,5399664,new_entry,original,,,"On May 20, the President of Tajikistan and the Mayor of Dushanbe opened four temporary hospitals with more than two thousand beds. They were created on the basis of the Republican Medical College, the Border Troops Training Center, the Olympic Reserve Training Center and the new dormitory of the Tajik National University. 
",2020-05-20,2020-05-20,,Tajikistan,TJK,TJ,National,1,,,Health Resources,Temporary Medical Centers,,"",Tajikistan,,,,,,All Residents (Citizen Residents + Foreign Residents),,,Mandatory (Unspecified/Implied),Ministry/Department of Health,,,,,https://fergana.media/news/118307/?country=tj,2020-12-08,2020-12-08T14:12:54Z
R_3rZ1CbTgdMoGhRkBm,5399664,new_entry,original,,,"On May 20, the President of Tajikistan and the Mayor of Dushanbe opened four temporary hospitals with more than two thousand beds. They were created on the basis of the Republican Medical College, the Border Troops Training Center, the Olympic Reserve Training Center and the new dormitory of the Tajik National University. 
",2020-05-20,2020-05-20,,Tajikistan,TJK,TJ,National,1,,,Health Resources,Health Research Facilities,,"",Tajikistan,,,,,,All Residents (Citizen Residents + Foreign Residents),,,Mandatory (Unspecified/Implied),Ministry/Department of Health,,,,,https://fergana.media/news/118307/?country=tj,2020-12-08,2020-12-08T14:12:54Z
R_3rZ1CbTgdMoGhRkCr,5399664,new_entry,original,,,"On May 20, the President of Tajikistan and the Mayor of Dushanbe opened four temporary hospitals with more than two thousand beds. They were created on the basis of the Republican Medical College, the Border Troops Training Center, the Olympic Reserve Training Center and the new dormitory of the Tajik National University. 
",2020-05-20,2020-05-20,,Tajikistan,TJK,TJ,National,1,,,Health Resources,Other Health Infrastructure,,"",Tajikistan,,,,,,All Residents (Citizen Residents + Foreign Residents),,,Mandatory (Unspecified/Implied),Ministry/Department of Health,,,,,https://fergana.media/news/118307/?country=tj,2020-12-08,2020-12-08T14:12:54Z
R_1CfhGM8E6u9qO7gCe,7393013,new_entry,original,,,"On May 20, in Tajikistan, the production of masks against COVID-19 with silver ions began, which according to researchers can more effectively protect against airborne diseases.",2020-05-20,2020-05-20,,Tajikistan,TJK,TJ,National,1,,,Health Resources,Masks,,"",Tajikistan,,,,,,All Residents (Citizen Residents + Foreign Residents),,,Voluntary/Recommended but No Penalties,"National Government,New (COVID-19 specific) Task Force,Other (Please specify in the text box)",,,,,https://www.asiaplustj.info/ru/news/tajikistan/society/20200520/v-tadzhikistane-pristupili-k-proizvodstvu-masok-protiv-covid-19-s-ionami-serebra,2020-06-24,2020-06-24T12:15:28Z
R_0MMJkql7A6vsFwZBr,8604860,new_entry,original,,,"As of May 20, hospitals, polyclinics, health centers and first aid stations in Tajikistan are switching to non-stop operation.",2020-05-20,2020-05-20,,Tajikistan,TJK,TJ,National,1,,,Health Resources,Hospitals,,"",Tajikistan,,,,,,All Residents (Citizen Residents + Foreign Residents),,,Mandatory (Unspecified/Implied),"National Government,Ministry/Department of Health,Provincial/State Government,Municipal Government,New (COVID-19 specific) Task Force",,,,,https://www.asiaplustj.info/ru/news/tajikistan/power/20200520/vse-meduchrezhdeniya-i-apteki-v-tadzhikistane-pereidut-na-kruglosutochnii-rezhim-raboti,2020-06-24,2020-06-24T12:37:19Z
R_0MMJkql7A6vsFwZCr,8604860,new_entry,original,,,"As of May 20, hospitals, polyclinics, health centers and first aid stations in Tajikistan are switching to non-stop operation.",2020-05-20,2020-05-20,,Tajikistan,TJK,TJ,National,1,,,Health Resources,Other Health Infrastructure,,"",Tajikistan,,,,,,All Residents (Citizen Residents + Foreign Residents),,,Mandatory (Unspecified/Implied),"National Government,Ministry/Department of Health,Provincial/State Government,Municipal Government,New (COVID-19 specific) Task Force",,,,,https://www.asiaplustj.info/ru/news/tajikistan/power/20200520/vse-meduchrezhdeniya-i-apteki-v-tadzhikistane-pereidut-na-kruglosutochnii-rezhim-raboti,2020-06-24,2020-06-24T12:37:19Z
R_1cRMgLZt5gFGx2iEy,1471623,new_entry,original,,,"As of May 21, the Ministry of Finances of Tajikistan announced that 5256 medical workers who are directly involved in the diagnosis and treatment of patients with COVID-19 will receive salary bonuses.",2020-05-28,2020-05-21,,Tajikistan,TJK,TJ,National,1,,,Health Resources,Unspecified Health Materials,,"",Tajikistan,,,,,,All Residents (Citizen Residents + Foreign Residents),,,Mandatory (Unspecified/Implied),"National Government,Other (Please specify in the text box)",,,,,http://minfin.tj/index.php?newsid=1037,2020-12-07,2020-12-07T15:19:09Z
R_1MQmDT61VNzOZk6Cs,4320372,new_entry,original,,,Assisted respiration device created in Tajikistan by local scientists,2020-05-21,2020-05-21,,Tajikistan,TJK,TJ,Municipal,1,Dushanbe,Dushanbe,Health Resources,Other Health Materials,,"",Tajikistan,,,Dushanbe,Dushanbe,,All Residents (Citizen Residents + Foreign Residents),,,Voluntary/Recommended but No Penalties,Other (Please specify in the text box),,,,,https://tajikta.tj/ru/news/-v-tadzhikistane-sozdali-vspomogatelnyy-pribor-iskusstvennogo-dykhaniya,2020-12-13,2020-12-13T18:22:17Z
R_ext9TOtbyqDERjjDq,4751246,new_entry,original,,,Virological laboratory to open in Khujand of Tajikistan,2020-05-21,2020-05-21,,Tajikistan,TJK,TJ,Provincial,1,Sughd,,Health Resources,Public Testing Facilities (e.g. drive-in testing for COVID-19),,"",Tajikistan,,,Sughd,,,All Residents (Citizen Residents + Foreign Residents),,,Mandatory (Unspecified/Implied),Provincial/State Government,,,,,https://tajikta.tj/ru/news/-v-khudzhande-tadzhikistana-zarabotaet-virusologicheskaya-laboratoriya,2020-12-13,2020-12-13T18:32:36Z
R_3NVzvHQ3GWiadDuEq,8290443,new_entry,original,,,"On May 22, in Dushanbe, a field hospital equipped to treat patients with COVID-19 was deployed on the football field of the Bofanda stadium.",2020-05-22,2020-05-22,,Tajikistan,TJK,TJ,National,1,,,Health Resources,Temporary Quarantine Centers,,"",Tajikistan,,,,,,All Residents (Citizen Residents + Foreign Residents),,,Mandatory (Unspecified/Implied),Ministry/Department of Health,,,,,https://fergana.news/news/118360/,2020-12-08,2020-12-08T14:22:13Z
R_2CsmuZwg3P2zwnRDq,6671461,new_entry,original,,,Virology laboratories opened in Bokhtar and Kulyab of Tajikistan,2020-05-27,2020-05-27,,Tajikistan,TJK,TJ,National,1,,,Health Resources,Public Testing Facilities (e.g. drive-in testing for COVID-19),,"",Tajikistan,,,,,,All Residents (Citizen Residents + Foreign Residents),,,Mandatory (Unspecified/Implied),Ministry/Department of Health,,,,,https://tajikta.tj/ru/news/v-bokhtare-i-kulyabe-tadzhikistana-zarabotali-virusologicheskie-laboratorii,2020-12-13,2020-12-13T17:57:23Z
R_3nGdKBBtvaJxRpKCr,7795994,new_entry,original,,,"On may 27, a virology lab has opened in the city of Bokhtar, the capital of the Khatlon province. The Bokhtar-based lab will serve 14 districts and cities in the province and it will carry out 150-200 PRC-based tests daily.",2020-05-27,2020-05-27,,Tajikistan,TJK,TJ,Provincial,1,Khatlon,,Health Resources,Other Health Infrastructure,,"",Tajikistan,,,Khatlon,,,All Residents (Citizen Residents + Foreign Residents),,,Mandatory (Unspecified/Implied),"Ministry/Department of Health,Provincial/State Government,Municipal Government,New (COVID-19 specific) Task Force",,,,,https://www.asiaplustj.info/en/news/tajikistan/society/20200527/virology-labs-open-in-bokhtar-and-kulob,2020-06-24,2020-06-24T14:43:08Z
R_RgF3T2mPdbTOfJfAx,1819987,new_entry,original,,,Doctors to be re-profiled in Tajikistan to fight coronavirus,2020-05-28,2020-05-28,,Tajikistan,TJK,TJ,National,1,,,Health Resources,Doctors,,"",Tajikistan,,,,,,All Residents (Citizen Residents + Foreign Residents),,,Mandatory (Unspecified/Implied),Ministry/Department of Health,,,,,https://tajikta.tj/ru/news/v-tadzhikistane-pereprofiliruyut-vrachey-dlya-borby-s-koronavirusom-,2020-12-13,2020-12-13T17:48:22Z
R_RgF3T2mPdbTOfJfCl,1819987,new_entry,original,,,Doctors to be re-profiled in Tajikistan to fight coronavirus,2020-05-28,2020-05-28,,Tajikistan,TJK,TJ,National,1,,,Health Resources,Nurses,,"",Tajikistan,,,,,,All Residents (Citizen Residents + Foreign Residents),,,Mandatory (Unspecified/Implied),Ministry/Department of Health,,,,,https://tajikta.tj/ru/news/v-tadzhikistane-pereprofiliruyut-vrachey-dlya-borby-s-koronavirusom-,2020-12-13,2020-12-13T17:48:22Z
R_1ojLoQLdDahQPpiCe,9985868,new_entry,original,,,The President of Tajikistan launched the second stage of the Farm Tex enterprise in Dangara,2020-05-29,2020-05-29,,Tajikistan,TJK,TJ,National,1,,,Health Resources,Masks,,"",Tajikistan,,,,,,All Residents (Citizen Residents + Foreign Residents),,,Mandatory (Unspecified/Implied),Other (Please specify in the text box),,,,,https://tajikta.tj/ru/news/prezident-tadzhiki-stana-zapustil-v-dangare-vtoruyu-ochered-predpriyatiya-farm-teks,2020-12-13,2020-12-13T17:34:20Z
R_1ojLoQLdDahQPpiCs,9985868,new_entry,original,,,The President of Tajikistan launched the second stage of the Farm Tex enterprise in Dangara,2020-05-29,2020-05-29,,Tajikistan,TJK,TJ,National,1,,,Health Resources,Other Health Materials,,"",Tajikistan,,,,,,All Residents (Citizen Residents + Foreign Residents),,,Mandatory (Unspecified/Implied),Other (Please specify in the text box),,,,,https://tajikta.tj/ru/news/prezident-tadzhiki-stana-zapustil-v-dangare-vtoruyu-ochered-predpriyatiya-farm-teks,2020-12-13,2020-12-13T17:34:20Z
R_1Crn3P655NZlrkTCe,8987873,new_entry,original,,,"The Ministry of Health and Social Protection of the Population of the Republic of Tajikistan has delivered medical equipment, protective equipment, medicines and other medical supplies to hospital No. 2 of the Zargar jamoat of the Kushoniyon district of Khatlon region. Also,  'RO 6' artificial respiration devices were sent to the Buston Central City Hospital of the Sughd Region.
",2020-05-30,2020-05-30,,Tajikistan,TJK,TJ,National,1,,,Health Resources,Masks,,"",Tajikistan,,,,,,All Residents (Citizen Residents + Foreign Residents),,,Mandatory (Unspecified/Implied),Ministry/Department of Health,,,,,http://moh.tj/?p=19525&lang=ru,2020-12-08,2020-12-08T14:38:33Z
R_1Crn3P655NZlrkTDd,8987873,new_entry,original,,,"The Ministry of Health and Social Protection of the Population of the Republic of Tajikistan has delivered medical equipment, protective equipment, medicines and other medical supplies to hospital No. 2 of the Zargar jamoat of the Kushoniyon district of Khatlon region. Also,  'RO 6' artificial respiration devices were sent to the Buston Central City Hospital of the Sughd Region.
",2020-05-30,2020-05-30,,Tajikistan,TJK,TJ,National,1,,,Health Resources,Personal Protective Equipment,,"",Tajikistan,,,,,,All Residents (Citizen Residents + Foreign Residents),,,Mandatory (Unspecified/Implied),Ministry/Department of Health,,,,,http://moh.tj/?p=19525&lang=ru,2020-12-08,2020-12-08T14:38:33Z
R_1Crn3P655NZlrkTCf,8987873,new_entry,original,,,"The Ministry of Health and Social Protection of the Population of the Republic of Tajikistan has delivered medical equipment, protective equipment, medicines and other medical supplies to hospital No. 2 of the Zargar jamoat of the Kushoniyon district of Khatlon region. Also,  'RO 6' artificial respiration devices were sent to the Buston Central City Hospital of the Sughd Region.
",2020-05-30,2020-05-30,,Tajikistan,TJK,TJ,National,1,,,Health Resources,Medicine/Drugs,,"",Tajikistan,,,,,,All Residents (Citizen Residents + Foreign Residents),,,Mandatory (Unspecified/Implied),Ministry/Department of Health,,,,,http://moh.tj/?p=19525&lang=ru,2020-12-08,2020-12-08T14:38:33Z
R_1Crn3P655NZlrkTEy,8987873,new_entry,original,,,"The Ministry of Health and Social Protection of the Population of the Republic of Tajikistan has delivered medical equipment, protective equipment, medicines and other medical supplies to hospital No. 2 of the Zargar jamoat of the Kushoniyon district of Khatlon region. Also,  'RO 6' artificial respiration devices were sent to the Buston Central City Hospital of the Sughd Region.
",2020-05-30,2020-05-30,,Tajikistan,TJK,TJ,National,1,,,Health Resources,Unspecified Health Materials,,"",Tajikistan,,,,,,All Residents (Citizen Residents + Foreign Residents),,,Mandatory (Unspecified/Implied),Ministry/Department of Health,,,,,http://moh.tj/?p=19525&lang=ru,2020-12-08,2020-12-08T14:38:33Z
R_2dRdJh5CwJqurcxEx,1164360,new_entry,original,,,"On June 19, in Tajikistan justices of the Supreme Court, Dushanbe City Court and four districts of the capital contributed 25 percent of their monthly salary totaling 55,000 somonis to the COVID-19 fund.",2020-06-19,2020-06-19,,Tajikistan,TJK,TJ,Municipal,1,Dushanbe,Dushanbe,Health Resources,Unspecified Health Infrastructure,,"",Tajikistan,,,Dushanbe,Dushanbe,,All Residents (Citizen Residents + Foreign Residents),,,Mandatory (Unspecified/Implied),Municipal Government,,,,,http://moh.tj/?p=20524&lang=ru,2020-12-07,2020-12-07T19:08:26Z
R_3RpwcQ84FWtvfppFe,3983877,new_entry,original,,,"The first artificial lung ventilation device was created in Tajikistan, which was developed by the employees of the design office of the National Academy of Sciences.",2020-05-21,2020-06-21,,Tajikistan,TJK,TJ,National,1,,,Health Resources,Ventilators,,"",Tajikistan,,,,,,All Residents (Citizen Residents + Foreign Residents),,,Voluntary/Recommended but No Penalties,"National Government,Ministry/Department of Health,New (COVID-19 specific) Task Force,Other (Please specify in the text box)",,,,,https://www.asiaplustj.info/ru/news/tajikistan/society/20200521/v-tadzhikistane-sozdan-pervii-apparat-iskusstvennoi-ventilyatsii-legkih,2020-06-24,2020-06-24T13:23:19Z
R_yR3fPbrtYb1pLONCu,8821389,new_entry,original,,,"More than 100 medical workers of the Sughd region, Tajikistan, will be awarded state awards on August 18, 2020.",2020-07-26,2020-07-26,,Tajikistan,TJK,TJ,National,1,,,Health Resources,Other Heath Staff,,"",Tajikistan,,,,,,All Residents (Citizen Residents + Foreign Residents),,,Mandatory (Unspecified/Implied),National Government,,,,,https://rus.ozodi.org/a/30748084.html,2020-09-21,2020-09-21T05:09:34Z
R_3jSZkeuQAlTL90yNA,5964547,new_entry,original,,,"In Tajikistan, from April 27 to May 10, the authorities of Dushanbe city plan to conduct disinfection measures to prevent the spread of coronavirus.",2020-04-27,2020-04-27,2020-05-10,Tajikistan,TJK,TJ,Municipal,1,Dushanbe,Dushanbe,Hygiene,,,"",Tajikistan,,,Dushanbe,Dushanbe,,All Residents (Citizen Residents + Foreign Residents),,,Mandatory (Unspecified/Implied),"Municipal Government,Police",54.6086225195707,50.8878191462558,47.6265440350075,29,https://fergana.news/videos/117535/,2020-12-07,2020-12-07T05:21:33Z
R_3n3p7u5nx5OgYTFBt,6739889,new_entry,original,,,"On May 1, the President of Tajikistan gave instructions to all structures responsible for the prevention of infectious diseases to disinfect streets and squares, premises, including residential ones, and to carry out explanatory work among the population about hygiene rules.",2020-05-01,2020-05-01,,Tajikistan,TJK,TJ,National,1,,,Hygiene,Hygiene measures for public areas,,"",Tajikistan,,,,,,All Residents (Citizen Residents + Foreign Residents),,,Mandatory (Unspecified/Implied),Other (Please specify in the text box),,,,,https://fergana.news/news/117666/,2020-12-08,2020-12-08T12:46:06Z
R_1f7MxPuIiVMOiX2Ao,308919,new_entry,original,,,"On 15 May 2020 the Committee on Religion, Regulation of Traditions, Celebrations and Ceremonies has issued a Procedure of safe handling of bodies of deceased persons infected by COVID-19.",2020-05-15,2020-05-15,,Tajikistan,TJK,TJ,National,1,,,Hygiene,Burial procedures,,"",Tajikistan,,,,,,All Residents (Citizen Residents + Foreign Residents),,,Voluntary/Recommended but No Penalties,Other (Please specify in the text box),,,,,https://reliefweb.int/report/tajikistan/covid-19-tajikistan-situation-report-7-18-may-2020,2020-06-24,2020-06-24T14:15:40Z
R_1f7MxPuIiVMOiX2Cn,308919,new_entry,original,,,"On 15 May 2020 the Committee on Religion, Regulation of Traditions, Celebrations and Ceremonies has issued a Procedure of safe handling of bodies of deceased persons infected by COVID-19.",2020-05-15,2020-05-15,,Tajikistan,TJK,TJ,National,1,,,Hygiene,Other Areas Hygiene Measures Applied,,"",Tajikistan,,,,,,All Residents (Citizen Residents + Foreign Residents),,,Voluntary/Recommended but No Penalties,Other (Please specify in the text box),,,,,https://reliefweb.int/report/tajikistan/covid-19-tajikistan-situation-report-7-18-may-2020,2020-06-24,2020-06-24T14:15:40Z
R_2QfV1kkOFqVpEZ5Bt,2363213,new_entry,original,,,"On October 30, the employees of the Center for Preventive Disinfection of the Khatlon region (Tajikistan) carried out disinfection work in all organizations and departments of the region.",2020-10-30,2020-10-30,,Tajikistan,TJK,TJ,Provincial,1,Khatlon,,Hygiene,Hygiene measures for public areas,,"",Tajikistan,,,Khatlon,,,All Residents (Citizen Residents + Foreign Residents),,,Mandatory (Unspecified/Implied),Provincial/State Government,,,,,http://moh.tj/?p=23814&lang=ru,2020-12-07,2020-12-07T18:31:43Z
R_UZa3KRJKYouMfAtNA,6267413,new_entry,original,,,"To prevent further spread of COVID-19 in the region, the authorities of the Gorno Badakhshan Autonomous Region (GBAO) have restricted traffic from other areas of the region to Khorog, the capital of the GBAO, from may 23.",2020-05-23,2020-06-23,2020-07-03,Tajikistan,TJK,TJ,Provincial,1,,,Internal Border Restrictions,,,"",Tajikistan,One or more geographical or administrative units within one or more countries,,,,,All Residents (Citizen Residents + Foreign Residents),,,Mandatory with Exceptions (Please list exceptions in the text entry),"National Government,Provincial/State Government,Municipal Government,Police",,,,,https://www.asiaplustj.info/en/news/tajikistan/power/20200526/gbao-authorities-restrict-traffic-to-khorog-from-other-areas-of-the-region,2020-06-24,2020-06-24T13:59:37Z
R_1pECPqjJqWNQgSXNA,5774315,new_entry,original,,,"Tajikistan: In Khujand, seniors advised not to leave their home and street trade is prohibited as of April 27.",2020-04-27,2020-04-27,,Tajikistan,TJK,TJ,Municipal,1,Sughd,Khujand,Lockdown,,,"",Tajikistan,,,Sughd,Khujand,,All Residents (Citizen Residents + Foreign Residents),,,Mandatory (Unspecified/Implied),Municipal Government,54.6086225195707,50.8878191462558,47.6265440350075,29,https://asiaplustj.info/en/news/tajikistan/society/20200427/older-people-were-advised-not-to-leave-home-in-khujand,2020-06-22,2020-06-22T00:31:00Z
R_1HowcYsqZueKBrRNA,7633269,new_entry,original,,,"On May 11, the government of Tajikistan announces a voluntary lockdown, urging residents of the Sughd region not to leave their homes unnecessarily due to the spread of the new coronavirus strain.

",2020-05-11,2020-05-11,,Tajikistan,TJK,TJ,Provincial,1,Sughd,,Lockdown,,,"",Tajikistan,,,Sughd,,,All Residents (Citizen Residents + Foreign Residents),,,Voluntary/Recommended but No Penalties,Provincial/State Government,,,,,https://tj.sputniknews.ru/country/20200511/1031219299/zhiteli-sogdian-oblast-ostavatsya-dom-koronavirus.html,2020-09-12,2020-09-12T15:04:51Z
R_1ib1QkikzpmwwctNA,784917,new_entry,original,,,"As of May 13, The Ministry of Defense of Tajikistan has transferred all military personnel to quarantine, temporarily banned conscripts from taking leave, including to see relatives.",2020-05-13,2020-05-13,,Tajikistan,TJK,TJ,National,1,,,Lockdown,,,"",Tajikistan,,,,,,All Residents (Citizen Residents + Foreign Residents),,,Mandatory (Unspecified/Implied),"National Government,Military",,,,,https://tj.sputniknews.ru/country/20200513/1031231072/podrazdeleniya-minoborony-tajikistan-perevedeny-karantin.html,2020-12-07,2020-12-07T13:31:58Z
R_8waGgk6GmiiSnuxNA,784917,update,original,Change of Policy,Relaxing,"As of May 13, The Ministry of Defense of Tajikistan has transferred all military personnel to quarantine, temporarily banned conscripts from taking leave, including to see relatives.",2020-12-02,2020-12-02,,Tajikistan,TJK,TJ,National,1,,,Lockdown,,,"",Tajikistan,,,,,,All Residents (Citizen Residents + Foreign Residents),,,Mandatory (Unspecified/Implied),"National Government,Military",,,,,NA,2020-12-07,2020-12-07T18:56:59Z
R_1BRSjaZSnXomRY6NA,9503849,new_entry,original,,,"Tajikistan set up a taskforce on Jan. 23. ""The headquarters started operation at the Tajik Ministry of Health and Social Protection on 23 January.""",2020-01-23,2020-01-23,,Tajikistan,TJK,TJ,National,1,,,"New Task Force, Bureau or Administrative Configuration",,,"",Tajikistan,,,,,,All Residents (Citizen Residents + Foreign Residents),,,Mandatory (Unspecified/Implied),"National Government,Ministry/Department of Health",48.8931884933018,47.274680585259,45.261595673078,121,https://advance.lexis.com/api/permalink/f4f419de-b23d-4730-be6d-6c1d3731c3dc/?context=1516831,2020-04-17,2020-04-17T07:37:46Z
R_3RwRWWEiGkfOoRtNA,782294,new_entry,original,,,Tajikistan's State Anti-Monopoly Committee and Prosecutor-General's Office set up a task force on March 5 to assess the situation in bazaars and stop private traders from artificially raising prices amid the coronavirus crisis.,2020-03-05,2020-03-05,,Tajikistan,TJK,TJ,National,1,,,"New Task Force, Bureau or Administrative Configuration",,,"",Tajikistan,,,,,,All Residents (Citizen Residents + Foreign Residents),,,Mandatory (Unspecified/Implied),"National Government,Police,Other (Please specify in the text box)",51.0285874896125,49.7264135166549,48.4363116941101,100,https://www.rferl.org/a/despite-zero-reported-cases-coronavirus-on-everyone-s-mind-in-tajikistan/30527299.html ; https://rus.ozodi.org/a/30469608.html,2020-04-17,2020-04-17T07:14:49Z
R_yUdSxZF5D6gcaFXCi,7914686,new_entry,original,,,"On March 20,  President of Tajikiistan announced a creation of the Republican Headquarters for Combating coronavirus.",2020-03-20,2020-03-20,,Tajikistan,TJK,TJ,National,1,,,"New Task Force, Bureau or Administrative Configuration",New Task Force or Bureau (i.e. establishment of a temporary body),,"",Tajikistan,,,,,,All Residents (Citizen Residents + Foreign Residents),,,Mandatory (Unspecified/Implied),"National Government,Ministry/Department of Health,Ministry/Department of Foreign Affairs,Ministry/Department of Justice,Ministry/Department of Education,Other (Please specify in the text box)",51.4120430760378,50.2148046690219,48.9758422532182,46,https://fergana.news/news/116292/ ; http://avesta.tj/2020/03/20/k-rasulzoda-vozglavil-respublikanskij-shtab-po-borbe-s-koronavirusom/,2020-12-07,2020-12-07T19:52:16Z
R_1E74kMhBMt0FlvjNA,7737684,new_entry,original,,,"Tajikistan announced that they are ""suspending the issuance of work permits to nationals of China, South Korea, Iran, Italy and Afghanistan"" on March 4.",2020-03-02,2020-03-02,,Tajikistan,TJK,TJ,National,1,,,Other Policy Not Listed Above,,"Tajikistan is ""suspending the issuance of work permits to nationals of China, South Korea, Iran, Italy and Afghanistan.""","",Tajikistan,,,,,,All Residents (Citizen Residents + Foreign Residents),,,Mandatory (Unspecified/Implied),National Government,51.2259570115692,49.5684689152665,48.2942335226501,104,https://www.reuters.com/article/us-health-coronavirus-tajikistan-prayer/tajikistan-closes-mosques-to-fend-off-coronavirus-threat-idUSKBN20R0K4 ; https://www.asiaplustj.info/en/news/tajikistan/society/20200311/tajikistan-suspends-issuance-of-work-permits-to-nationals-of-coronavirus-affected-countries,2020-04-03,2020-04-03T11:41:52Z
R_3EyaySYv8kUH5tLNA,4946857,new_entry,original,,,"On March 7, ""the Interior Ministry of Tajikistan has promised to find and bring to account individuals involved in the circulation of rumours about the coronavirus.""",2020-03-07,2020-03-07,,Tajikistan,TJK,TJ,National,1,,,Other Policy Not Listed Above,,Punishment for spreading rumors about the coronavirus,"",Tajikistan,"One or more countries, but not all countries",,,,,All Residents (Citizen Residents + Foreign Residents),,Not Applicable,Mandatory with Legal Penalties (Jail Time),"Police,Other (Please specify in the text box)",51.1724430397105,49.8689597589986,48.2815061967917,96,https://advance.lexis.com/api/permalink/0ece7d44-5077-49a9-8ae8-d915e524657c/?context=1516831,2020-04-17,2020-04-17T07:32:38Z
R_2zOnqxBzah0w4yANA,8571642,new_entry,original,,,"""The World Health Organisation and Tajikistan's Ministry of Health and Social Protection held a working meeting in the capital Dushanbe on 10 March,"" in relation to the coronavirus.
",2020-03-11,2020-03-10,,Tajikistan,TJK,TJ,National,1,,,Other Policy Not Listed Above,,Emergency planning rather than intiating,"",Tajikistan,"One or more countries, but not all countries",,,,,All Residents (Citizen Residents + Foreign Residents),,Not Applicable,Mandatory (Unspecified/Implied),Ministry/Department of Health,51.6347573551356,49.8890137623686,48.3941432234527,84,https://advance.lexis.com/api/permalink/f4f419de-b23d-4730-be6d-6c1d3731c3dc/?context=1516831,2020-04-17,2020-04-17T07:41:03Z
R_2sbuctb0v1Io6WVNA,8859598,new_entry,original,,,Tajikistan's Ministry of Health calls on people not to believe rumors about coronavirus,2020-04-06,2020-04-06,,Tajikistan,TJK,TJ,National,1,,,Other Policy Not Listed Above,,"The Ministry of Health asks public to not spread and not to believe rumors and misinformation, commenting on trues cause of a quarantined man in Tajikistan","",Tajikistan,"One or more countries, but not all countries",,,,,All Residents (Citizen Residents + Foreign Residents),,,Voluntary/Recommended but No Penalties,"National Government,Ministry/Department of Health",52.8514468556846,50.8740921552031,49.3174492245908,34,http://avesta.tj/2020/04/06/minzdrav-prizyvaet-naselenie-ne-verit-sluham-o-koronaviruse-i-zayavlyaet-covid-19-v-tadzhikistane-net/,2020-04-17,2020-04-17T14:31:38Z
R_DTz8T5IjP5OPnARNA,1179859,new_entry,original,,,"On April 9, after receiving aid from Kazakhstan, Tajikistan announced that they are ""committed to supply as much fruit and vegetables including onions as needed to Kazakhstan's market.""",2020-04-09,2020-04-09,,Tajikistan,TJK,TJ,National,0,,,Other Policy Not Listed Above,,Aid for aid,"",Kazakhstan,"One or more countries, but not all countries",,,,,Other,Outbound,Not Applicable,Voluntary/Recommended but No Penalties,National Government,53.9692751716988,50.8777076809047,49.1554224350436,32,https://advance.lexis.com/api/permalink/d3a602dd-7047-400c-8d5a-b231c5c51911/?context=1516831,2020-04-17,2020-04-17T08:37:05Z
R_b78woOCtno4sIcVNA,92992021,new_entry,original,,,"Tajikistan, on April 10,  announced that ""the term of visas and registrations of foreign citizens staying in Tajikistan will be extended until the Covid-19 pandemic subsides.""",2020-04-10,2020-04-10,,Tajikistan,TJK,TJ,National,1,,,Other Policy Not Listed Above,,The extension of visa terms,"",Tajikistan,"One or more countries, but not all countries",,,,,All Residents (Citizen Residents + Foreign Residents),,Not Applicable,Voluntary/Recommended but No Penalties,"National Government,Other (Please specify in the text box)",54.0426603122357,50.8979270851569,48.9247311170804,31,https://advance.lexis.com/api/permalink/45281896-2d71-4990-887c-267a8ca5c282/?context=1516831,2020-04-17,2020-04-17T08:41:49Z
R_9oXQwdPxrqVHg89NA,6828369,new_entry,original,,,The President of Tajikistan instructed to prepare food for two years due to coronavirus,2020-04-18,2020-04-18,,Tajikistan,TJK,TJ,National,1,,,Other Policy Not Listed Above,,"The President instructed to organize a “two-year food procurement for each family”, build greenhouses on presidential lands, and take all necessary sanitary and hygienic measures to prevent infection of the population.","",Tajikistan,"One or more countries, but not all countries",,,,,All Residents (Citizen Residents + Foreign Residents),,Not Applicable,Mandatory (Unspecified/Implied),National Government,53.8742008625683,50.9114545093701,48.5387857887388,28,https://m.lenta.ru/news/2020/04/18/poruchil/,2020-04-20,2020-04-20T03:40:31Z
R_2U9KZUKlsmjQ1D2NA,1029507,new_entry,original,,,"Since April 25, Tajikistan has imposed a ban on exports of cereals, legumes, eggs and meat. Also, theatres and cinemas were closed and all public events were canceled.",2020-04-25,2020-04-25,,Tajikistan,TJK,TJ,National,1,,,Other Policy Not Listed Above,,"Since April 25, Tajikistan has imposed a ban on exports of cereals, legumes, eggs and meat. Also, theatres and cinemas were closed and all public events were canceled.","",Tajikistan,,,,,,All Residents (Citizen Residents + Foreign Residents),,,Mandatory (Unspecified/Implied),National Government,53.883524860207,50.8953803385102,47.6390455410367,28,https://www.asiaplustj.info/ru/news/tajikistan/power/20200425/tadzhikistan-vvel-zapret-na-eksport-zernovih-i-bobovih-i-otmenil-vse-obtshestvennie-meropriyatiya,2020-06-22,2020-06-22T00:22:23Z
R_28Gv4LkwvPYnPySNA,8027261,new_entry,original,,,"On June 9, the Dushanbe militia (Tajikistan), at the direction of the mayor's office and on the recommendation of doctors, launched Operation ""Teenager"", the purpose of which is to catch minors walking without protective masks.",2020-06-10,2020-06-09,,Tajikistan,TJK,TJ,Municipal,1,Dushanbe,Dushanbe,Other Policy Not Listed Above,,"The Dushanbe militia launched Operation ""Teenager"", the purpose of which is to catch minors walking without protective masks.","",Tajikistan,,,Dushanbe,Dushanbe,,All Residents (Citizen Residents + Foreign Residents),,,Mandatory (Unspecified/Implied),Municipal Government,,,,,https://asiaplustj.info/ru/news/tajikistan/society/20200610/dushanbinskaya-militsiya-nachala-v-gorode-operatsiyu-podrostok-itshut-teh-kto-bez-masok ; https://fergana.news/news/118978/,2020-12-07,2020-12-07T16:45:51Z
R_3sulOlIV30HJIKONA,377350,new_entry,original,,,"As of June 10, the Parliament of the Republic of Tajikistan announced that for the deliberate spread of an infectious disease is now punishable by imprisonment for a term of two to five years, in case of a repeated crime - from five to ten years.",2020-06-10,2020-06-10,,Tajikistan,TJK,TJ,National,1,,,Other Policy Not Listed Above,,"Punishment for ""deliberate spread"" of infectious disease (including COVID-19) announced.","",Tajikistan,,,,,,All Residents (Citizen Residents + Foreign Residents),,,Mandatory with Legal Penalties (Jail Time),"National Government,Other (Please specify in the text box)",,,,,http://avesta.tj/2020/06/10/net-maski-zaplati-shtraf-sovral-pro-pandemiyu-tozhe-parlament-prinyal-popravki-v-koap/ ; https://fergana.news/news/118990/,2020-12-07,2020-12-07T16:12:43Z
R_2rSE9yxMPFYwfS7NA,4716782,new_entry,original,,,"On 1 May, the Tajik Ministry of Foreign Affairs decided to automatically extend the period of residence of foreign nationals, who are temporarily in Tajikistan, until 1 July 2020.",2020-05-11,2020-06-11,2020-07-01,Tajikistan,TJK,TJ,National,1,,,Other Policy Not Listed Above,,Reglementation for foreign nationals who are temporarily in Tajikistan,"",Tajikistan,One or more countries and one or more regional groupings,,,,,All Residents (Citizen Residents + Foreign Residents),Outbound,Not Applicable,Voluntary/Recommended but No Penalties,"National Government,Ministry/Department of Foreign Affairs",,,,,https://www.asiaplustj.info/ru/news/tajikistan/politics/20200511/v-tadzhikistane-inostrantsam-avtomaticheski-prodlyat-sroki-prebivaniya-do-1-iyulya,2020-06-24,2020-06-24T09:11:01Z
R_VPWjvEoUlYYXpCNNA,5467925,new_entry,original,,,"On March 30, ""the helpline was created at the Information Crisis Information Centre under the Ministry of Health and Social Welfare for the prevention of coronavirus COVID-19,"" in Tajikistan.",2020-03-30,2020-03-30,,Tajikistan,TJK,TJ,National,1,,,Public Awareness Measures,,,"",Tajikistan,,,,,,All Residents (Citizen Residents + Foreign Residents),,,Voluntary/Recommended but No Penalties,Ministry/Department of Health,51.9834605816842,50.6603666359275,49.6105268883564,35,https://advance.lexis.com/api/permalink/2e310ef4-f136-420d-bcf0-c0d3aa171651/?context=1516831,2020-04-17,2020-04-17T08:15:11Z
R_6X1UISikZa0YmgpBh,8974520,new_entry,original,,,"On May 6, Commerzbank of Tajikistan together with the Ministry of Health and Social Protection of the Population of Tajikistan and the Institute of Postgraduate Education in Healthcare of the Republic have created a round-the-clock contact center on the issues of the COVID-19 virus, which works 24/7.",2020-05-06,2020-05-06,,Tajikistan,TJK,TJ,National,1,,,Public Awareness Measures,Gathering information related to COVID-19 from the public,,"",Tajikistan,,,,,,All Residents (Citizen Residents + Foreign Residents),,,Voluntary/Recommended but No Penalties,"Ministry/Department of Health,Other (Please specify in the text box)",,,,,https://asiaplustj.info/en/news/tajikistan/society/20200506/coronavirus-call-center-opened-at-commerzbank-of-tajikistan,2020-06-23,2020-06-23T18:00:31Z
R_d4ibvTtCyyXZWalAv,9733960,new_entry,original,,,"As of June 5, working groups were organized in Dushanbe (Tajikistan) to carry out explanatory work among the population to encourage them to wear masks, social distance, and stay at home.",2020-06-04,2020-06-05,,Tajikistan,TJK,TJ,Municipal,1,Dushanbe,Dushanbe,Public Awareness Measures,Disseminating information related to COVID-19 to the public that is reliable and factually accurate,,"",Tajikistan,,,Dushanbe,Dushanbe,,All Residents (Citizen Residents + Foreign Residents),,,Voluntary/Recommended but No Penalties,Municipal Government,,,,,http://moh.tj/?p=19765&lang=ru,2020-12-07,2020-12-07T15:39:21Z
R_2dRtjZbM5H8FupWAv,8096403,new_entry,original,,,"On July 19, specialists of the state institution ""Republican Center for Healthy Lifestyles"" in cities and regions of Tajikistan conducted explanatory work among the population.
",2020-07-14,2020-07-14,,Tajikistan,TJK,TJ,National,1,,,Public Awareness Measures,Disseminating information related to COVID-19 to the public that is reliable and factually accurate,,"",Tajikistan,,,,,,All Residents (Citizen Residents + Foreign Residents),,,Mandatory (Unspecified/Implied),Other (Please specify in the text box),,,,,http://moh.tj/?p=21403&lang=ru,2020-12-08,2020-12-08T16:35:28Z
R_DHLZsjjBb5lvsgFAv,4391469,new_entry,original,,,"On August 6, in Tajikistan, medical institutions of the Sughd region in public places, business facilities, and enterprises installed warning posters on the observance of hygiene and sanitation rules, maintaining a distance of at least 1.5 meters when communicating with other people, wearing a mask, and regularly washing hands with soap.",2020-08-06,2020-08-06,,Tajikistan,TJK,TJ,Provincial,1,Sughd,,Public Awareness Measures,Disseminating information related to COVID-19 to the public that is reliable and factually accurate,,"",Tajikistan,,,Sughd,,,All Residents (Citizen Residents + Foreign Residents),,,Voluntary/Recommended but No Penalties,Provincial/State Government,,,,,http://moh.tj/?p=21906&lang=ru,2020-12-07,2020-12-07T17:27:11Z
R_1jrWACCRhhYkqyhAv,8574372,new_entry,original,,,"On August 8, representatives of the Department of Youth and Sports of the city of Dushanbe (Tajikistan) in the Firdavsi region handed out leaflets to citizens urging them to wear protective masks when walking and not be neutral about their health.",2020-08-08,2020-08-08,,Tajikistan,TJK,TJ,Municipal,1,Dushanbe,Dushanbe,Public Awareness Measures,Disseminating information related to COVID-19 to the public that is reliable and factually accurate,,"",Tajikistan,,,Dushanbe,Dushanbe,,All Residents (Citizen Residents + Foreign Residents),,,Voluntary/Recommended but No Penalties,Municipal Government,,,,,http://moh.tj/?p=21966&lang=ru,2020-12-07,2020-12-07T17:43:10Z
R_ZsJYLaOaIkl57vHAv,9886776,new_entry,original,,,"On August 24, in a number of educational institutions in the city of Gissar, Tajikistan, specialists of the ""Healthy Lifestyle Center"" provided information on the prevention of coronavirus.",2020-08-24,2020-08-24,,Tajikistan,TJK,TJ,Municipal,1,Dushanbe,Gissar,Public Awareness Measures,Disseminating information related to COVID-19 to the public that is reliable and factually accurate,,"",Tajikistan,,,Dushanbe,Gissar,,All Residents (Citizen Residents + Foreign Residents),,,Voluntary/Recommended but No Penalties,Municipal Government,,,,,http://moh.tj/?p=22340&lang=ru,2020-12-07,2020-12-07T17:53:44Z
R_1dLbPfwQPELgeHaBi,9634416,new_entry,original,,,On February 3 the Ministry of Health and Social Protection of Tajikistan commissioned a 14-day quarantine for travelers arriving from China,2020-02-03,2020-02-03,,Tajikistan,TJK,TJ,National,0,,,Quarantine,Government Quarantine (i.e. quarantine at a government hotel or facility),,"",China,"One or more countries, but not all countries",,,,,All Travelers (Citizen Travelers + Foreign Travelers ),Inbound,Flights,Mandatory (Unspecified/Implied),"National Government,Ministry/Department of Health,Police",49.594767775481,47.9814757361308,46.4786367160931,120,https://rus.ozodi.org/a/30414049.html,2020-04-17,2020-04-17T17:40:08Z
R_12PwSnruEYqKVFFBi,3186794,new_entry,original,,,"Tajikistan imposes a two-week quarantine for all arriving from Japan, South Korea, Italy and Iran starting from February 27",2020-02-27,2020-02-27,,Tajikistan,TJK,TJ,National,0,,,Quarantine,Government Quarantine (i.e. quarantine at a government hotel or facility),,"","Iran,Italy,Japan,South Korea","One or more countries, but not all countries",,,,,All Travelers (Citizen Travelers + Foreign Travelers ),Inbound,All kinds of transport,Mandatory (Unspecified/Implied),"National Government,Ministry/Department of Health,Police",50.6218182116248,49.3932133621502,48.1115059490732,116,https://ria.ru/20200227/1565262253.html,2020-04-17,2020-04-17T05:13:11Z
R_3R2ScFEC0rf857WBi,7376756,new_entry,original,,,"On Feb. 27 in Tajikistan it was announced that ""Nationals of South Korea, China, Japan and Iran arriving in Tajikistan from third countries will be quarantined without fail.""",2020-02-27,2020-02-27,,Tajikistan,TJK,TJ,National,0,,,Quarantine,Government Quarantine (i.e. quarantine at a government hotel or facility),,"","China,Iran,Japan,South Korea","One or more countries, but not all countries",,,,,All Foreign Nationals (Foreign Residents + Foreign Travelers),Inbound,All kinds of transport,Mandatory (Unspecified/Implied),National Government,50.6218182116248,49.3932133621502,48.1115059490732,116,https://advance.lexis.com/api/permalink/5c10d91d-9dca-4e90-9e66-f02c4890fdaa/?context=1516831,2020-04-17,2020-04-17T07:14:44Z
R_3iy8zzWF98xlbcRBi,8573316,new_entry,original,,,"Starting March 19 in Tajikistan, ""along with individuals arriving in the republic from China, South Korea, Japan, Italy, Iran, and Afghanistan, those coming from France, Spain, Sweden, Switzerland, the United Kingdom, Norway, the Netherlands, Germany, Belgium, Denmark, and the United States shall also be subject to a 14-day quarantine.""",2020-03-19,2020-03-19,,Tajikistan,TJK,TJ,National,0,,,Quarantine,Government Quarantine (i.e. quarantine at a government hotel or facility),,"","Belgium,Denmark,France,Germany,Netherlands,Norway,Spain,Sweden,Switzerland,United Kingdom,United States","One or more countries, but not all countries",,,,,All (Travelers + Residents),Inbound,All kinds of transport,Mandatory (Unspecified/Implied),Ministry/Department of Health,51.6326165527148,50.128797190254,48.8571745652586,47,https://advance.lexis.com/api/permalink/93ee84bf-ff9d-4441-aec8-67ffa58d71b9/?context=1516831,2020-04-17,2020-04-17T08:03:33Z
R_2uE4m8mS3JCVIDnEj,1898584,new_entry,original,,,"On September 13, 2020, the Government agencies of Tajikistan have sent elderly workers and retirees on unpaid leave to reduce the risk of contracting coronavirus.",2020-09-13,2020-09-13,,Tajikistan,TJK,TJ,National,1,,,Quarantine,Self-Quarantine (i.e. quarantine at home),,"",Tajikistan,,,,,,All Residents (Citizen Residents + Foreign Residents),,,Mandatory (Unspecified/Implied),National Government,,,,,https://rus.ozodi.org/a/30836063.html,2020-09-21,2020-09-21T05:16:50Z
R_3fksZC7Ajy4KCdtEh,7317720,new_entry,original,,,Tajikistan: All clothing markets closing down for disinfection from April 30 to May 10 in Dushanbe.,2020-04-29,2020-04-30,2020-05-10,Tajikistan,TJK,TJ,Municipal,1,Dushanbe,Dushanbe,Restriction and Regulation of Businesses,Retail Businesses,,"This type of business  (""Retail Businesses"") is allowed to open with conditions",Tajikistan,,,Dushanbe,Dushanbe,,All Residents (Citizen Residents + Foreign Residents),,,Mandatory (Unspecified/Implied),Municipal Government,,,,,https://asiaplustj.info/en/news/tajikistan/power/20200429/all-dushanbes-clothing-markets-to-close-down-thursday-for-disinfection-tomorrow,2020-06-22,2020-06-22T01:00:22Z
R_2wslJcsORlUG0iMCo,9685293,new_entry,original,,,"By decision of the mayor's office, the clothing markets of the Dushanbe were closed from April 30, tentatively until May 10, and on May 8, this period has been extended until the end of May.",2020-05-08,2020-05-08,2020-05-31,Tajikistan,TJK,TJ,Municipal,1,Dushanbe,Dushanbe,Restriction and Regulation of Businesses,Other Businesses,,"This type of business  (""Other Businesses"") is closed/locked down",Tajikistan,,,Dushanbe,Dushanbe,,All Residents (Citizen Residents + Foreign Residents),,,Mandatory (Unspecified/Implied),"Municipal Government,New (COVID-19 specific) Task Force",,,,,https://asiaplustj.info/en/news/tajikistan/society/20200508/in-dushanbe-clothing-markets-will-be-closed-until-the-end-of-may,2020-06-23,2020-06-23T18:28:03Z
R_2EEP9sEFR9OjgmkAs,2221771,new_entry,original,,,"On May 12, in Dushanbe were closed all beauty salons and hairdressers, also the stores selling mobile phones and car washes until May 31.",2020-05-12,2020-05-12,2020-05-31,Tajikistan,TJK,TJ,Municipal,1,Dushanbe,Dushanbe,Restriction and Regulation of Businesses,Commercial Businesses,,"This type of business  (""Commercial Businesses"") is closed/locked down",Tajikistan,,,Dushanbe,Dushanbe,,All Residents (Citizen Residents + Foreign Residents),,,Mandatory (Unspecified/Implied),"Ministry/Department of Health,Municipal Government,New (COVID-19 specific) Task Force",,,,,https://asiaplustj.info/en/news/tajikistan/society/20200512/dushanbe-city-hall-has-closed-all-beauty-salons-and-hairdressers-in-the-capital,2020-06-23,2020-06-23T19:00:17Z
R_w78XiioX2UW4EX7Ag,3415110,new_entry,original,,,Dushanbe authorities ask to soften conditions on loans for entrepreneurs,2020-06-01,2020-06-01,,Tajikistan,TJK,TJ,Municipal,1,Dushanbe,Dushanbe,Restriction and Regulation of Businesses,All or unspecified businesses,,"This type of business  (""All or unspecified businesses"") is closed/locked down",Tajikistan,,,Dushanbe,Dushanbe,,All Residents (Citizen Residents + Foreign Residents),,,Voluntary/Recommended but No Penalties,Other (Please specify in the text box),,,,,https://tajikta.tj/ru/news/vlasti-dushanbe-prosyat-banki-smyagchit-usloviya-po-kreditam-dlya-predprinimateley,2020-12-13,2020-12-13T17:14:01Z
R_1eItjpw2rq6PVu5Co,7248260,new_entry,original,,,"As of October 22, night clubs have been closed in Khujand (Tajikistan) by the decision of the State Sanitary and Epidemiological Supervision Center of the city.",2020-10-22,2020-10-22,,Tajikistan,TJK,TJ,Municipal,1,Sughd,Khujand,Restriction and Regulation of Businesses,Other Businesses,,"This type of business  (""Other Businesses"") is closed/locked down",Tajikistan,,,Sughd,Khujand,,All Residents (Citizen Residents + Foreign Residents),,,Mandatory (Unspecified/Implied),Municipal Government,,,,,https://www.asiaplustj.info/ru/news/tajikistan/society/20201023/v-hudzhande-iz-za-koronavirusa-zakrili-nochnie-klubi,2020-12-07,2020-12-07T18:21:46Z
R_9KtHWp1bqssvxzHFb,566174,new_entry,original,,,"In Dushanbe, about 50% of the employees of the institutions financed from the Dushanbe budget were asked to go on unpaid leave. An exception was made only for medical staff, law enforcement officers and a number of vital structures.",2020-05-21,2020-05-21,,Tajikistan,TJK,TJ,Municipal,1,Dushanbe,Dushanbe,Restriction and Regulation of Government Services,Unspecified outdoor spaces,,This service is no longer provided by the government,Tajikistan,,,Dushanbe,Dushanbe,,All Residents (Citizen Residents + Foreign Residents),,,Mandatory with Exceptions (Please list exceptions in the text entry),"National Government,Provincial/State Government,Municipal Government",,,,,https://asiaplustj.info/en/news/tajikistan/power/20200521/employees-of-state-institutions-in-dushanbe-began-to-be-sent-on-unpaid-leave,2020-06-24,2020-06-24T11:04:37Z
R_9KtHWp1bqssvxzHFc,566174,new_entry,original,,,"In Dushanbe, about 50% of the employees of the institutions financed from the Dushanbe budget were asked to go on unpaid leave. An exception was made only for medical staff, law enforcement officers and a number of vital structures.",2020-05-21,2020-05-21,,Tajikistan,TJK,TJ,Municipal,1,Dushanbe,Dushanbe,Restriction and Regulation of Government Services,Unspecified public facilities,,This service is no longer provided by the government,Tajikistan,,,Dushanbe,Dushanbe,,All Residents (Citizen Residents + Foreign Residents),,,Mandatory with Exceptions (Please list exceptions in the text entry),"National Government,Provincial/State Government,Municipal Government",,,,,https://asiaplustj.info/en/news/tajikistan/power/20200521/employees-of-state-institutions-in-dushanbe-began-to-be-sent-on-unpaid-leave,2020-06-24,2020-06-24T11:04:37Z
R_3dRNL5EQ3UpJcgmNA,5175616,new_entry,original,,,"Tajikistan asks mosques ""to suspend public gatherings, including Friday prayers but excluding burial rites"" on March 4. Additionally, they are ""cancelling traditional public festivities related to the Nowruz holiday, or Persian New Year, celebrated from March 21-25.""
",2020-03-04,2020-03-04,,Tajikistan,TJK,TJ,National,1,,,Restrictions of Mass Gatherings,,,"",Tajikistan,,,,,,All Residents (Citizen Residents + Foreign Residents),,,Mandatory (Unspecified/Implied),National Government,51.0461048576363,49.7376851494359,48.5434239648613,111,https://www.reuters.com/article/us-health-coronavirus-tajikistan-prayer/tajikistan-closes-mosques-to-fend-off-coronavirus-threat-idUSKBN20R0K4,2020-04-03,2020-04-03T11:32:10Z
R_3HN4tg6FvK2qdaGNA,5175616,update,original,,Relaxing,"Original: Tajikistan asks mosques ""to suspend public gatherings, including Friday prayers but excluding burial rites"" on March 4. Additionally, they are ""cancelling traditional public festivities related to the Nowruz holiday, or Persian New Year, celebrated from March 21-25.""

Update: ""The Committee for Religious Affairs with the Tajik government has lifted the ban introduced at the beginning of March on joint prayers in mosques,"" on March 19.",2020-03-19,2020-03-19,,Tajikistan,TJK,TJ,National,1,,,Restrictions of Mass Gatherings,,,"",Tajikistan,,,,,,All Residents (Citizen Residents + Foreign Residents),,,Voluntary/Recommended but No Penalties,Other (Please specify in the text box),51.6326165527148,50.128797190254,48.8571745652586,47,https://advance.lexis.com/api/permalink/a371d02d-8ff0-4ec8-91e9-6523f36971e9/?context=1516831,2020-04-17,2020-04-17T13:37:43Z
R_10ZYTPbHmzmwWmRNA,5175616,update,original,,Relaxing,"Tajikistan asks mosques ""to suspend public gatherings, including Friday prayers but excluding burial rites"" on March 4. Additionally, they are ""cancelling traditional public festivities related to the Nowruz holiday, or Persian New Year, celebrated from March 21-25."" The Committee for Religion and the Ordering of Traditions and Rites of Tajikistan has allowed public prayer in mosques of the country since March 20.",2020-03-19,2020-03-20,,Tajikistan,TJK,TJ,National,1,,,Restrictions of Mass Gatherings,,,"",Tajikistan,,,,,,All Residents (Citizen Residents + Foreign Residents),,,Voluntary/Recommended but No Penalties,Other (Please specify in the text box),51.4120430760378,50.2148046690219,48.9758422532182,46,https://www.reuters.com/article/us-health-coronavirus-tajikistan-prayer/tajikistan-closes-mosques-to-fend-off-coronavirus-threat-idUSKBN20R0K4 ; https://rus.ozodi.org/a/30497144.html,2020-04-20,2020-04-20T03:12:10Z
R_2Cd1SRvVyWjlx6oNA,1346836,new_entry,original,,,"In Tajikistan ""The Dushanbe city municipality said that 'all mass festivities dedicated to the Day of the Capital will be suspended in Dushanbe with the aim of preventing the spread of the coronavirus [Covid-19] and protecting people's health."" This Day of the Capital is on April 18.",2020-04-16,2020-04-18,2020-04-18,Tajikistan,TJK,TJ,Municipal,1,Dushanbe,Dushanbe,Restrictions of Mass Gatherings,,,"",Tajikistan,,,Dushanbe,Dushanbe,,All Residents (Citizen Residents + Foreign Residents),,,Mandatory (Unspecified/Implied),Municipal Government,53.8742008625683,50.9114545093701,48.5387857887388,28,https://advance.lexis.com/api/permalink/8d46ee38-d1c0-4bba-8ab3-9b06cfdf294c/?context=1516831,2020-04-17,2020-04-17T09:01:17Z
R_AHR58TvDva7qnXHNA,5175616,update,original,,Relaxing,"Tajikistan asks mosques ""to suspend public gatherings, including Friday prayers but excluding burial rites"" on March 4. Additionally, they are ""cancelling traditional public festivities related to the Nowruz holiday, or Persian New Year, celebrated from March 21-25.""
On March 4, this restriction was cancelled, but on April 18 all mosques were closed again to prevent mass prayers due to upcoming Ramadan.",2020-04-17,2020-04-18,,Tajikistan,TJK,TJ,National,1,,,Restrictions of Mass Gatherings,,,"",Tajikistan,,,,,,All Residents (Citizen Residents + Foreign Residents),,,Voluntary/Recommended but No Penalties,Other (Please specify in the text box),53.8742008625683,50.9114545093701,48.5387857887388,28,https://www.reuters.com/article/us-health-coronavirus-tajikistan-prayer/tajikistan-closes-mosques-to-fend-off-coronavirus-threat-idUSKBN20R0K4 ; https://asiaplustj.info/ru/news/tajikistan/society/20200417/v-tadzhikistane-vnov-zakrili-mecheti-nikakih-sovmestnih-molitv-ne-budet,2020-04-20,2020-04-20T03:24:25Z
R_7UMnyFMGGv6sQHnAk,3257974,new_entry,correction,,,"As of April 27, non-Muslim religious organizations and churches in Tajikistan are temporarily closed to parishioners until May 10.",2020-04-27,2020-04-27,2020-05-10,Tajikistan,TJK,TJ,National,1,,,Restrictions of Mass Gatherings,Attendance at religious services restricted (e.g. mosque/church closings),,"",Tajikistan,,,,,,All Residents (Citizen Residents + Foreign Residents),,,Voluntary/Recommended but No Penalties,Other (Please specify in the text box),54.6086225195707,50.8878191462558,47.6265440350075,29,https://fergana.news/news/117517/,2020-12-08,2020-12-08T12:18:12Z
R_xnJvay0IpI0lmsVAq,2945218,new_entry,original,,,"As of May 26, the Committee for Religion, Ordering of Traditions, Celebrations and Rites of the Republic of Tajikistan has introduced a ban on wedding celebrations.",2020-05-26,2020-05-26,,Tajikistan,TJK,TJ,National,1,,,Restrictions of Mass Gatherings,Cancellation of a recreational or commercial event,,"",Tajikistan,,,,,,All Residents (Citizen Residents + Foreign Residents),,,Mandatory (Unspecified/Implied),"National Government,Provincial/State Government,Other (Please specify in the text box)",,,,,https://fergana.news/news/118493/,2020-12-07,2020-12-07T14:00:33Z
R_8i981HHEd7or9GpAq,2945218,update,original,Change of Policy,Relaxing,"As of May 26, the Committee for Religion, Ordering of Traditions, Celebrations and Rites of the Republic of Tajikistan has introduced a ban on wedding celebrations.",2020-06-17,2020-06-20,,Tajikistan,TJK,TJ,National,1,,,Restrictions of Mass Gatherings,Cancellation of a recreational or commercial event,,"",Tajikistan,,,,,,All Residents (Citizen Residents + Foreign Residents),,,Mandatory (Unspecified/Implied),"National Government,Provincial/State Government,Other (Please specify in the text box)",,,,,NA ; https://fergana.news/news/119233/ ; Fergana ; Таджикистанцам разрешат гулять свадьбы и летать в Узбекистан,2020-12-07,2020-12-07T17:04:09Z
R_2YhRIX8WhMqwGzNAr,7685229,new_entry,original,,,"On September 2, the Republican Headquarters for Combating Coronavirus of Tajikistan made a decision to prohibit the holding of any solemn, cultural events, conferences, anniversary evenings and other public events dedicated to the celebration of the State independence of the Republic of Tajikistan",2020-09-02,2020-09-02,,Tajikistan,TJK,TJ,National,1,,,Restrictions of Mass Gatherings,Cancellation of an annually recurring event,,"",Tajikistan,,,,,,All Residents (Citizen Residents + Foreign Residents),,,Mandatory (Unspecified/Implied),National Government,,,,,http://avesta.tj/2020/09/02/v-tadzhikistane-zapretili-provedenie-massovyh-meropriyatij-v-chest-dnya-nezavisimosti/,2020-12-07,2020-12-07T18:00:10Z
R_2PBwaUZwXz3ebseAr,5987706,new_entry,original,,,"On November 18,  the Republican Headquarters for Combating Coronavirus of Tajikistan banned the organization of a New Year tree, cultural, festive, and other mass events on the occasion of the New Year 2021.",2020-11-18,2020-11-18,,Tajikistan,TJK,TJ,National,1,,,Restrictions of Mass Gatherings,Cancellation of an annually recurring event,,"",Tajikistan,,,,,,All Residents (Citizen Residents + Foreign Residents),,,Mandatory (Unspecified/Implied),New (COVID-19 specific) Task Force,,,,,https://rus.ozodi.org/a/30956982.html,2020-12-07,2020-12-07T18:37:46Z
R_2YlWFJu6zJxgRRvNA,7337201,new_entry,original,,,In Tajikistan all visits to inmates held in prisons and detention centers had been suspended as of March 31 as a measure of social distancing.,2020-03-31,2020-03-31,,Tajikistan,TJK,TJ,National,1,,,Social Distancing,,,"",Tajikistan,,,,,,All Residents (Citizen Residents + Foreign Residents),,,Mandatory with Exceptions (Please list exceptions in the text entry),"National Government,Police,Other (Please specify in the text box)",51.84782698531,50.7390688777506,49.7265501485936,35,https://www.rferl.org/a/bulgaria-cancels-order-coronavirus-mask-shortage/30521286.html ; https://asiaplustj.info/ru/news/tajikistan/society/20200331/v-tadzhikistane-svidaniya-s-zaklyuchyonnimi-vremenno-priostanovleni,2020-04-17,2020-04-17T06:43:18Z
R_3h6martfXH33oQ1Fa,7830967,update,original,Change of Policy,Strengthening,"As of April 30, the Republican Headquarters for Combating coronavirus in Tajikistan made a decision on the mandatory use of medical masks for the population.",2020-05-12,2020-04-12,,Tajikistan,TJK,TJ,National,1,,,Social Distancing,Unspecified Mask Wearing Policy,,"",Tajikistan,,,,,,All Residents (Citizen Residents + Foreign Residents),,,Mandatory (Unspecified/Implied),"Municipal Government,Police",53.9801113047478,50.9964227266559,48.7843104580144,32,NA,2020-12-07,2020-12-07T13:11:28Z
R_1LcjXYuUaeNlrR3Fa,7830967,new_entry,original,,,"As of April 30, the Republican Headquarters for Combating coronavirus in Tajikistan made a decision on the mandatory use of medical masks for the population.",2020-05-02,2020-04-30,,Tajikistan,TJK,TJ,National,1,,,Social Distancing,Unspecified Mask Wearing Policy,,"",Tajikistan,,,,,,All Residents (Citizen Residents + Foreign Residents),,,Voluntary/Recommended but No Penalties,National Government,,,,,http://moh.tj/?p=18003&lang=ru,2020-12-07,2020-12-07T12:37:54Z
R_3kqdAMAs59WkAVVBz,1965123,new_entry,original,,,"As of June 10, the Parliament of the Republic of Tajikistan announced that for non-observance of the social distance of two meters, the offender will be fined in the amount of two to five indicators for calculations (from 116 to 290 somoni).",2020-06-10,2020-06-10,,Tajikistan,TJK,TJ,National,1,,,Social Distancing,Keeping a distance of at least 6 feet or 1.5 meters apart,,"",Tajikistan,,,,,,All Residents (Citizen Residents + Foreign Residents),,,Mandatory with Fines,"National Government,Other (Please specify in the text box)",,,,,http://avesta.tj/2020/06/10/net-maski-zaplati-shtraf-sovral-pro-pandemiyu-tozhe-parlament-prinyal-popravki-v-koap/ ; https://fergana.news/news/118990/,2020-12-07,2020-12-07T16:00:36Z
